customer_id,customer_name,email,phone_number,city,registration_date,membership_type,loyalty_points
1,Michael Rodriguez,kevin44@example.net,+1-507-569-0791x8150,Wallberg,2023-11-21,Platinum,2667
2,Rebecca Reed,langallison@example.org,001-820-926-8192x27201,New Rachel,2026-03-01,Silver,4562
3,Curtis Holder,ilambert@example.com,509.830.8617x694,South Douglas,2025-05-24,Regular,4557
4,James Leonard,thomas13@example.net,(210)706-7203x882,South Troyhaven,2025-11-19,Gold,4488
5,Robert Hicks,johnfloyd@example.org,001-330-685-5259x0373,Port Allison,2025-06-04,Silver,3436
6,Jeff Wood,zwallace@example.net,895-423-7822,Kellyside,2024-10-18,Platinum,2425
7,David Heath,janecuevas@example.com,7589575316,Lowechester,2025-03-16,Gold,4807
8,Ashley Saunders,njones@example.org,564-654-5985x13782,West Bridget,2026-06-18,Gold,384
9,Richard Neal,collinschristopher@example.com,(483)514-8588x49145,West Austin,2026-02-13,Regular,1393
10,Brian Young,sabrinawilliams@example.com,201.746.7966x3931,North Cindy,2024-05-24,Platinum,683
11,Amber Gonzalez,perezjoseph@example.com,(737)695-8568,North Patriciamouth,2026-02-05,Regular,397
12,James Hamilton,christophergarrison@example.org,597-797-0963x9204,Maryland,2023-10-22,Gold,3418
13,Jack Collins,greenelaine@example.net,001-361-450-8366x01256,New Christopher,2025-10-13,Gold,957
14,Devon May,nicholas76@example.com,001-374-414-7221x323,North Christopherville,2026-06-12,Regular,2121
15,Sara Norris,zacharymurray@example.com,8867094115,Martinbury,2024-05-22,Gold,1255
16,Rachel Alvarez,kristieavila@example.org,(689)357-9148x33399,North Bryan,2024-07-03,Platinum,2523
17,Joseph Conway,sullivanmichael@example.net,001-341-325-0290x49783,New Carolynshire,2026-06-20,Gold,2461
18,James Chavez,orrterri@example.net,+1-990-682-0587x4634,Fernandezchester,2026-03-26,Platinum,983
19,Nina Carrillo,jordanarnold@example.net,001-487-917-6513x06088,Kristinview,2025-10-18,Regular,3957
20,Nancy Harris,thomaswheeler@example.net,(939)743-2855x75792,Gatesfurt,2025-12-11,Gold,4869
21,John Smith,mario46@example.org,9024638145,South Anthonyview,2023-07-03,Gold,3792
22,Jessica Richmond,david41@example.org,(409)362-0081x18469,East Justin,2025-09-18,Regular,2090
23,Kristen Bright,copelanddaniel@example.com,(944)591-2599x66641,Deborahborough,2025-07-14,Platinum,2987
24,Brandon Velasquez,pricejacqueline@example.net,719.470.0075x457,East Deborah,2023-12-05,Silver,3112
25,Bridget Bolton,mayoanne@example.net,+1-693-685-7433x442,Lorettaville,2023-11-04,Regular,3854
26,Yvonne Ashley,lawrencedunn@example.com,221-927-7672x31968,Port Elizabeth,2025-03-15,Gold,1892
27,Charles Mccoy,tommy13@example.com,(417)336-7896x9599,North Gregory,2025-09-15,Regular,4992
28,Katrina Wright,rickycurry@example.com,364.452.0927x90103,North Edward,2024-05-26,Silver,3435
29,Karen Allen,jasonmccarthy@example.com,(970)720-8167x627,South James,2023-07-01,Platinum,3479
30,Anthony Wood,wardmichael@example.net,001-842-687-1379x607,Katherinemouth,2025-09-18,Platinum,2450
31,Charles Villegas,troylane@example.net,279-872-9898x750,West Joshua,2025-12-20,Silver,3675
32,Keith Rice,eileenkeith@example.net,(840)715-7336x733,South Rachel,2024-11-08,Silver,4378
33,Kim Luna,adamsjoseph@example.com,001-573-287-2155x7173,Michelefurt,2023-11-26,Platinum,3189
34,Andrew Jones,rbrock@example.org,447.831.6117x931,New Robert,2026-03-31,Regular,591
35,Katrina Collins,dakota38@example.org,340.735.9033,Brownborough,2025-11-02,Regular,1536
36,Robin Jackson,paulpowell@example.com,471-224-6780,Jennifermouth,2025-07-13,Silver,1241
37,Eric Gibson,edwardknox@example.com,302.971.3062x804,West Daniel,2024-08-16,Silver,2615
38,Maria Miles,david16@example.org,001-463-964-6629x6518,Morrismouth,2025-01-13,Gold,4199
39,Devin Hunt,samantha73@example.net,767-711-2480,Lake Jonathanstad,2024-08-17,Gold,759
40,Tony Robinson,charleselliott@example.net,001-266-231-3436,New Daniel,2026-02-03,Silver,39
41,Andrea Garner,sierralarson@example.net,(600)407-9665x2900,Chaseborough,2025-06-08,Gold,1475
42,Crystal Moore,xrodriguez@example.com,950.721.3878x120,East Nathan,2024-10-26,Platinum,2542
43,Julie Eaton,jonesjulia@example.net,845-776-7112x288,East Bretthaven,2025-06-27,Platinum,1358
44,Willie Cox,batesbenjamin@example.net,645.224.4138,New Jonathan,2025-10-29,Gold,1410
45,Joyce Mcmillan,yvaldez@example.org,736-703-1751,Lake Josephmouth,2024-08-09,Platinum,4278
46,Jackie Daniels,hstout@example.org,001-870-569-2916,Chaseburgh,2023-10-01,Gold,997
47,Megan Harris,byrdsherry@example.com,001-264-981-2212x437,Nicholasbury,2024-03-09,Gold,995
48,Chase Williams,whiteeric@example.org,(205)431-4677x24153,Lake Emmaport,2024-10-05,Silver,4050
49,Frank Christian,yhill@example.org,(288)858-7564,Port Jacobfurt,2026-03-28,Platinum,3970
50,Chad Brooks,rittermatthew@example.net,001-599-531-6490x20082,Angelaview,2024-09-20,Gold,3289
51,Martha Butler,mlane@example.com,704.842.1891,New Douglasstad,2025-04-29,Gold,1917
52,Brittany Compton,parkerkevin@example.org,592.655.1808x38875,East Bridgetland,2024-07-14,Silver,1238
53,Gregory Smith,dennisacevedo@example.org,805.367.2113x4802,South Mikayla,2024-10-12,Silver,2307
54,Alice Williams,tdavis@example.org,001-804-599-7497x12150,East Gregory,2023-08-29,Gold,4435
55,Brandon Becker,smithjason@example.net,(298)837-3965,Martinmouth,2023-10-08,Silver,1164
56,Diana Johnson,melissakelley@example.com,782-274-8584x2303,Taylorborough,2025-05-04,Regular,186
57,Desiree Thomas,eferguson@example.org,339-209-1326x23562,Greenmouth,2025-04-22,Platinum,2205
58,Andrew Hensley,jamesrice@example.org,840-300-4637x778,Karenton,2023-08-16,Platinum,1909
59,Karen Williams,murraydaniel@example.com,001-571-779-7486x80211,Gabrielleside,2024-09-01,Gold,4347
60,John Quinn,jonathan91@example.com,504.858.8866x394,North Nathaniel,2024-12-16,Gold,4894
61,Cindy Yang,donald09@example.net,646.532.2615,Lake Scottburgh,2025-01-14,Silver,2723
62,Robert Preston,gabriel12@example.net,6456936600,Johnsonhaven,2023-07-29,Regular,3936
63,Beth Simpson,slucas@example.com,420.685.4243x749,Port Amy,2023-11-27,Platinum,4727
64,Adam Snyder,shannongarcia@example.org,+1-863-217-8733,South Sharonmouth,2024-05-24,Silver,3500
65,Rick Brewer,jonesraymond@example.com,487.473.7334x7655,South Robyn,2025-12-26,Platinum,3450
66,Lisa Kline,jillgraham@example.org,001-363-751-5905x6704,North Zoeborough,2023-12-08,Platinum,1249
67,Anthony Reese,molly24@example.com,246-688-1796,New Lisa,2025-03-20,Platinum,3621
68,Daniel Morris,ashleythompson@example.com,+1-340-982-6599x36567,South Derrick,2025-06-21,Gold,1225
69,Daniel Pierce,adam43@example.org,507.394.7763x8638,East Edwin,2024-07-27,Gold,4038
70,Kristen Salinas,wmarquez@example.net,(839)398-8327,Aprilville,2025-05-06,Regular,4379
71,Justin Guerrero,ericjoseph@example.com,718.339.4343x9946,Starkbury,2024-09-15,Gold,155
72,Robert Smith,gibsonkevin@example.net,(816)347-9010,South Nicholashaven,2026-06-04,Silver,4294
73,Kathryn Lopez,jenniferbutler@example.net,+1-226-575-5872x95911,Aaronshire,2026-02-21,Gold,2850
74,Andrew Carrillo,umiller@example.org,+1-992-488-9051x016,West Lindsey,2025-10-08,Regular,1285
75,Carla Singh,cochranwarren@example.com,(638)767-2427x4875,Hicksland,2025-07-13,Platinum,3260
76,Erin Knox,deanchristine@example.com,+1-511-768-7702x547,Colonview,2025-03-23,Gold,1341
77,David Thompson,kenneth23@example.org,984.948.1845x0424,Lake Michellehaven,2024-07-01,Gold,1133
78,Michelle Gallegos,brian39@example.org,394-721-9328x160,Kevinmouth,2023-09-30,Platinum,222
79,Jessica Adams,hernandezlauren@example.org,688-679-1751,North Susanland,2023-07-14,Platinum,3374
80,Lisa Johnson,joann48@example.net,517-576-3771,Hestermouth,2024-03-14,Gold,3178
81,Amanda Novak,mmartinez@example.com,+1-485-621-0325,Port Emily,2024-08-11,Gold,2874
82,William Rowland,william33@example.com,001-279-792-2452,Tapiamouth,2025-10-26,Platinum,1183
83,Ruth Gonzalez,alec23@example.com,001-408-225-8056x6865,Andrewmouth,2026-06-19,Regular,952
84,Vanessa Moon,hannahrogers@example.com,431.986.7145x19876,Garrettburgh,2025-12-05,Silver,3905
85,Julie Mason,mark30@example.com,(807)645-8629,East Stephaniemouth,2024-11-14,Gold,3217
86,Sandra Evans,zscott@example.org,7399980776,Phillipsborough,2026-02-19,Gold,2156
87,Sheena Reese,joan90@example.net,(511)702-5727,Richardtown,2024-07-20,Regular,2904
88,Kimberly Gonzalez,marshalljohnathan@example.net,(505)301-6587x428,New Angela,2025-02-15,Platinum,3083
89,Steven Garza,huntrichard@example.com,001-691-398-0133x66801,New Deborah,2024-10-13,Regular,3936
90,Jesse King,linda25@example.org,+1-387-262-2425x185,Jacobsonfurt,2025-05-20,Platinum,3991
91,Nathan Smith,amy41@example.net,536-964-6073x22600,Lake Melissamouth,2025-03-30,Gold,2387
92,Misty Aguilar,amy58@example.com,(581)970-7099x86371,South Cheryl,2025-05-26,Regular,123
93,Jade Smith,evansmike@example.net,2033384317,Kimberlymouth,2023-11-13,Platinum,1576
94,Michael Goodwin,pcolon@example.com,273.218.6266,North Markberg,2024-07-25,Platinum,3850
95,Raymond Richards,leahjacobs@example.com,863-982-6960,Lake Judyton,2024-07-03,Silver,4320
96,Gregory Marshall,brittney01@example.org,718.228.0034,Rollinsstad,2025-08-13,Regular,1050
97,Dana Coleman,jamie66@example.org,+1-840-453-5832,New Amandamouth,2024-05-15,Gold,487
98,John Smith,charles77@example.com,(797)767-3044x097,Jasonhaven,2025-02-26,Regular,3788
99,Hayley Page,aliciabutler@example.net,879-766-7893x2421,Fullerfurt,2024-07-14,Platinum,170
100,Alyssa Gonzalez,aguirrejulia@example.com,(653)636-7688,Allenton,2025-05-07,Silver,3160
101,John Cantrell,rflores@example.org,361.323.1624,Reynoldsfurt,2025-05-30,Silver,4610
102,Catherine Gibson,heatherhernandez@example.com,001-686-294-2189x348,Stanleytown,2026-04-10,Gold,3203
103,Paul Gomez,karen53@example.com,253.237.8066,New Cassiestad,2023-09-16,Regular,3279
104,Luke Rowe MD,janetsanders@example.net,978.749.5623,Hectormouth,2026-04-18,Silver,3458
105,Zachary Walker,katherine71@example.com,316-591-0240,New Nancy,2024-05-18,Regular,4526
106,Kim Brown,omontgomery@example.net,7563118223,Heatherland,2024-03-12,Platinum,248
107,Michael Bailey,lopezmichael@example.org,001-465-796-7549x099,East Jameschester,2024-12-24,Regular,782
108,David King,savannah57@example.com,(311)605-3127x34703,Lake Nicolas,2026-04-08,Silver,4763
109,Christopher Wolfe,selenaterry@example.com,533.572.3514,Williamschester,2026-01-21,Silver,3973
110,Alyssa Fry,nbaird@example.org,001-373-454-8768,Larsonfurt,2024-08-23,Gold,210
111,Joy Nelson,wjohnson@example.com,(419)580-5692,Kimberlymouth,2025-01-16,Silver,3738
112,Brandon Fields,arnoldcheyenne@example.org,612-297-3915x08476,North Melissa,2024-09-19,Gold,252
113,John Trevino,spearsadam@example.net,421-283-4346x50481,Adamstown,2025-01-18,Regular,4308
114,Michael Wells,johnsonbrooke@example.org,875-292-2381,Brownfort,2023-08-05,Silver,488
115,Daniel Beasley,andrew56@example.com,806.461.7422x4002,Leestad,2025-09-01,Silver,4278
116,Jacob Davidson,aprilsalazar@example.net,9038781047,Austinside,2025-04-08,Platinum,2231
117,Casey Schmidt,owilliams@example.net,001-575-304-5910,West Jamesland,2026-03-31,Gold,4046
118,Jason Harris,mark07@example.net,+1-325-297-8765,Rogersfurt,2025-01-07,Silver,747
119,Peter Alvarez,ccole@example.com,390.622.4708x048,Woodstad,2026-04-21,Regular,2538
120,Lynn Ibarra,gshannon@example.org,676-213-7638x323,East Phillip,2024-07-12,Silver,493
121,Monica Gonzalez,ldickerson@example.org,001-777-249-2628x6667,Port Marcus,2026-04-26,Regular,1014
122,Tracy Franklin,ddrake@example.org,001-365-331-7314x916,Allenstad,2026-05-17,Silver,2206
123,Timothy Smith,richard01@example.org,+1-583-814-1005x7855,South William,2025-07-12,Silver,730
124,Travis Lee,ganderson@example.com,+1-612-833-2100x66638,Hobbston,2024-06-09,Silver,460
125,Lori Lloyd,medinajames@example.net,(461)377-4227x85927,Michaelside,2025-01-16,Platinum,1839
126,Jordan Sanders,gary98@example.net,+1-280-291-4039x1009,Annaton,2025-10-27,Platinum,2797
127,Martin Diaz,nicolemartin@example.com,+1-301-992-0335x692,Port Matthew,2024-07-15,Gold,1445
128,Angela Eaton,kennedypeter@example.org,573.868.8150x954,New Michaelbury,2026-06-23,Platinum,642
129,Fred Pham,aleonard@example.net,820.493.2293x129,Gatesstad,2024-03-21,Regular,3349
130,Denise Vazquez,morganmiller@example.net,+1-934-772-5539,Austinfurt,2026-06-14,Platinum,1560
131,Jose Jackson,ystout@example.org,838.587.7266,Lisaton,2023-12-28,Platinum,4560
132,Julie Walker,qwilliams@example.net,946.897.3966,South Ashleyside,2024-02-07,Regular,4724
133,Steven Taylor,murphyjessica@example.com,889-395-0962x045,New Joseph,2024-05-26,Silver,4056
134,Robert Wood,brandongarrison@example.com,001-435-312-0391x77548,Johnsonbury,2023-10-09,Silver,3093
135,Lisa Dougherty,mcgrathjohn@example.com,001-214-696-4267x9515,Port Erik,2024-08-20,Regular,4860
136,Lindsey Miller,kennethdoyle@example.org,576.756.7986,East Rachel,2025-02-10,Gold,1075
137,Jackie Phillips,joshua43@example.net,220-246-1032x27818,West Jason,2026-04-25,Silver,3042
138,Gerald Vaughan,shirley72@example.com,001-682-762-0335x0680,New Mariatown,2024-05-19,Regular,1816
139,Vanessa Jones,kenneth47@example.com,(813)607-9053,Sandovalhaven,2023-10-22,Regular,1152
140,Scott Bailey,lisasullivan@example.net,(603)386-5812x0515,East Jenniferland,2025-12-21,Platinum,2884
141,Mr. Scott Miller Jr.,eevans@example.org,230.638.5433,South Jamesberg,2024-10-03,Platinum,4433
142,Jesse Atkins,jacobhampton@example.net,(561)773-0936x74576,Wendytown,2025-02-15,Gold,4463
143,Amy Long,adam27@example.org,001-654-893-9986x44717,Jenningsfurt,2026-02-18,Gold,2397
144,Stephanie Moreno,christopher33@example.net,569-988-9321x561,East Dennis,2025-05-30,Gold,837
145,Victoria Davis,erintorres@example.net,+1-227-847-2538x5784,Catherineview,2025-12-16,Silver,4621
146,Phillip Norman,tlynch@example.org,+1-741-906-0761x545,Mariashire,2025-10-19,Regular,609
147,Alejandro Davis,melissa72@example.org,969.859.7888x1320,Cooperton,2025-11-04,Platinum,3121
148,Holly Miles,zruiz@example.net,001-246-758-7867x051,East Tracy,2024-02-14,Gold,1242
149,Grace Smith,billypratt@example.org,001-329-617-5790x412,South Joshuafort,2025-01-23,Silver,3695
150,Thomas Harris,vjones@example.org,998.269.1161,Smithshire,2025-01-25,Silver,2504
151,Mary Jackson,twagner@example.org,+1-815-509-3637x182,East Julie,2025-03-26,Gold,1376
152,Samantha Fleming,carl49@example.net,442.389.1789x9326,Garciamouth,2025-08-29,Platinum,1306
153,Nathan Stevens,mnelson@example.com,(865)968-0556x7015,West Stephenborough,2024-05-07,Silver,1426
154,Kayla Hughes,dustin06@example.net,001-666-946-6905x7300,Debbieview,2023-12-22,Gold,2432
155,Daniel Garcia,millercody@example.org,6026358027,Crystalport,2025-09-23,Platinum,1422
156,Brian Jackson,jsmith@example.net,753.605.6046x8208,South Matthewmouth,2026-02-27,Platinum,3864
157,Garrett Meadows,gloriafoster@example.com,967.528.5947x79900,East Nicholasfort,2025-10-26,Platinum,2222
158,Christopher Clark,fwinters@example.net,447-322-3853x7386,Port Gregchester,2024-11-02,Platinum,775
159,Michelle Cox,jalexander@example.com,(242)302-2395,Duffytown,2025-04-12,Platinum,3486
160,Amy Garrison,ablack@example.net,4948283027,Lake Sabrina,2024-02-19,Regular,970
161,Jillian Miller,bassdavid@example.com,308.476.6836,Port Tim,2025-03-23,Silver,3913
162,Benjamin Parker DDS,kochdebra@example.com,813.752.5113x2457,Virginiaburgh,2025-01-14,Regular,4271
163,Richard Clay,kimberly70@example.org,001-222-394-6975x95872,East Josefurt,2025-03-15,Silver,4387
164,John Romero,alexiswaters@example.net,001-869-694-3400x310,West Eric,2025-05-11,Regular,4327
165,Valerie Allen,jeromewelch@example.net,637.412.7955x3797,West Jonathanton,2026-05-30,Gold,3831
166,Jason Reeves,robinsongina@example.net,(752)492-9589x1927,East Mitchellburgh,2025-01-18,Regular,2007
167,Ronald Russo,williamkelley@example.com,(494)497-0764x3107,West Aaronstad,2023-10-30,Gold,3492
168,Matthew Donovan,monica44@example.com,+1-581-535-2962,Kimstad,2024-02-18,Silver,396
169,Denise Stark,kelseyodom@example.net,775.370.0850,Melaniehaven,2024-03-03,Regular,1498
170,Philip Roberts,schneiderjoshua@example.org,(630)329-6302x0733,Stantonview,2026-05-02,Silver,2364
171,Joseph Byrd,christopher37@example.com,001-636-655-6432,Port Tonyview,2025-03-09,Platinum,3347
172,Kathryn Wright DVM,xweaver@example.org,(800)924-6854,East Johnside,2025-09-15,Gold,719
173,Felicia Potts,wrightrobert@example.com,+1-600-969-2815x94306,Brianton,2025-01-24,Platinum,2216
174,Nicholas Lee,kristen57@example.com,+1-931-231-3585x943,Henryborough,2026-04-09,Regular,1870
175,Mary Lara,yshields@example.org,769-346-0509x61108,Collinsside,2024-09-25,Silver,2109
176,Jesse Miller,woodfrank@example.org,+1-377-485-8658x9814,Garyfort,2023-08-11,Silver,2546
177,Jessica Wagner,andersonteresa@example.net,001-858-498-3236x687,Garciashire,2024-06-24,Platinum,2003
178,Norman Thomas,peter65@example.net,4729586676,East Dianeton,2024-09-04,Regular,2641
179,Madison Kramer,mlevy@example.org,001-537-288-2742x2460,Riddleville,2024-01-18,Platinum,2012
180,Stephen Johnson,bvelazquez@example.org,572-459-5846x708,Carolborough,2026-04-25,Silver,626
181,Jessica Anthony,freemantamara@example.net,001-465-609-6788x6430,Lake Timothy,2025-03-20,Regular,2276
182,Christine Johnson,yhunter@example.org,341.439.8987x0961,Lake Phillip,2025-06-27,Platinum,4986
183,Tiffany Cline,daniel87@example.org,(568)859-1717x279,Lake Michaelhaven,2024-10-10,Regular,1490
184,Kenneth Brown,johnrussell@example.net,(775)510-5198x6518,Hendersonfurt,2026-02-04,Regular,3545
185,Christopher Quinn,garywhite@example.com,+1-682-597-0908x23844,Frenchburgh,2023-07-07,Platinum,2743
186,Jeffrey Levine,robertsvictoria@example.com,(758)873-5869,Lake Joel,2025-12-20,Silver,4492
187,Erica Larson,larryfuller@example.net,001-621-612-0116x05216,Hannahfurt,2025-07-24,Silver,1154
188,Eric Arellano,smithkevin@example.org,(478)640-5722x0484,Port Calebland,2026-05-27,Regular,4199
189,Howard Wong,yhess@example.org,522.698.2233x81762,Whiteport,2023-09-19,Platinum,2053
190,Michael Evans,hrocha@example.org,644-204-7680x8963,Ryanview,2023-10-16,Regular,4886
191,Timothy Buchanan,andrewcosta@example.com,(744)511-1583,Mariaberg,2025-05-24,Gold,4742
192,Janet Aguirre,davidwright@example.com,551-462-0523x155,Lake Georgefort,2025-10-23,Gold,2671
193,Rachael Howard,schneidersteven@example.net,+1-962-305-9272x99641,Madisonborough,2026-02-04,Gold,2838
194,Jeffrey Whitehead,ulucas@example.net,939-914-1019,West Madeline,2024-07-16,Regular,105
195,Drew Aguirre,virginiasolis@example.com,7882183905,North Lauren,2024-06-07,Platinum,952
196,Dawn Norton,eric83@example.org,798.741.3012,Copelandbury,2023-09-08,Silver,637
197,Ethan Montgomery,kennethwilliams@example.org,001-756-453-2630,North Katherine,2026-03-18,Regular,1520
198,Donald Allen,billy15@example.com,001-516-607-2900x6354,Stephenchester,2025-06-25,Platinum,2144
199,Tanya Wells,jgonzalez@example.net,001-242-663-9383x960,Davidborough,2025-08-04,Regular,4184
200,Ashley Smith,walterclark@example.com,+1-739-582-2246x154,Eugeneton,2025-02-26,Silver,2131
201,Bruce Townsend,melissahuang@example.org,217.489.3433x693,Madelineville,2024-09-10,Regular,526
202,Lisa Estrada,mcole@example.com,713.920.4623,East Dominique,2025-12-29,Regular,4809
203,Ashley Perez,stevebaker@example.com,310.995.0099x0828,Markville,2024-05-15,Silver,263
204,Thomas Ramirez,cgibbs@example.com,586-950-3640x681,Laurabury,2024-04-28,Gold,1671
205,Amy Underwood,psimpson@example.com,946.848.2522x265,West Jamestown,2024-01-13,Regular,2912
206,Andrea James,thomashahn@example.org,001-206-946-0859x782,Sullivanburgh,2025-09-09,Silver,1244
207,Hannah Johnson,peter50@example.org,+1-360-644-0786x6341,South Matthew,2023-11-09,Silver,2684
208,James Mason,tgutierrez@example.net,347.953.4824x5595,Amyburgh,2024-03-24,Gold,4238
209,Amber Nguyen,juan21@example.org,359.738.4283,Fosterland,2024-02-19,Gold,2580
210,Heather Buck,zdavidson@example.net,4005064882,Jacquelineside,2024-04-05,Regular,4163
211,Cynthia Logan,joshuaramirez@example.com,+1-553-274-1148x7394,Anthonyville,2024-02-07,Regular,3684
212,Francisco Downs,tiffany06@example.org,001-716-717-9781x7556,Port Markton,2026-01-11,Regular,2394
213,Gregory Roberts,alicia66@example.com,001-832-471-1719,East Logan,2026-03-22,Silver,698
214,Mary Johnson,lindascott@example.net,300.600.0083x6140,West Taylorborough,2025-03-29,Gold,921
215,Jesse Harper,shortcorey@example.net,768-271-9787x82541,Ashleyfort,2024-12-08,Gold,1215
216,Kristopher Vaughan,fburns@example.net,(629)342-6150x187,East Catherine,2026-04-07,Gold,2095
217,Cathy Cox,kellywalker@example.com,001-314-769-1974,Smithport,2025-12-12,Regular,1158
218,Tony Williams,charlesstout@example.com,815-659-4078x406,East Stephanieton,2025-05-21,Platinum,187
219,Kirsten Carey,lopezricardo@example.org,+1-954-552-4571x11324,East Pamela,2026-04-16,Silver,1143
220,Matthew Craig,emilyharris@example.com,001-601-490-4393x692,Kingshire,2026-05-07,Regular,2895
221,John Hoffman,chavezstacy@example.com,826.461.0585x9254,Portermouth,2026-01-09,Gold,2764
222,Linda Brown,linda58@example.org,788-433-9414,East Franklinmouth,2023-07-18,Gold,4809
223,Joseph Bowers,angelaphelps@example.org,247-280-6865x87507,Fitzpatrickton,2025-09-30,Silver,4372
224,Tammy Schroeder,jhodges@example.com,+1-622-537-0208x47323,North Heatherville,2024-01-08,Silver,901
225,Kimberly Mcpherson,browntimothy@example.net,944-334-1342x778,Evelynberg,2025-09-13,Gold,509
226,Brandon Hines,walter22@example.com,001-779-704-1134x74488,Barberport,2024-03-20,Platinum,1318
227,Benjamin Austin,smithanita@example.net,001-344-471-7393x1711,Port Rebecca,2025-06-03,Regular,4204
228,Brian Diaz,hubbarddaniel@example.org,704.277.0734x62772,Danielburgh,2025-12-06,Platinum,2966
229,Mark Edwards,fwilson@example.org,(584)848-5129,Davidport,2023-08-22,Gold,4817
230,Haley Hines,vhebert@example.net,9586161264,Shannonhaven,2025-12-07,Regular,3013
231,Nicholas Scott,annestone@example.org,256.252.7193x38140,Knappville,2024-04-21,Silver,1583
232,Rebecca Gardner MD,derek41@example.com,+1-649-575-6411x33838,Flynnview,2025-01-25,Silver,2072
233,Austin Kent,davischristopher@example.com,428.279.5760x37449,Nelsonside,2023-09-24,Silver,3646
234,Julie Price,stoutrodney@example.org,726-721-5198x56607,Johnsonburgh,2024-04-23,Silver,2666
235,Nicole Foster,aliciamiranda@example.net,(650)787-8619x9741,Perezborough,2024-03-25,Gold,388
236,Jason Leonard,popekyle@example.org,482-382-8703,West Shaunside,2024-12-07,Gold,543
237,Laurie Alexander,aking@example.org,8062495404,Port Willie,2025-02-28,Gold,3858
238,Cathy Garcia,hwise@example.net,+1-526-712-2987x2263,Lake Davidfort,2024-08-11,Regular,3274
239,Mrs. Nicole Johnson,christine05@example.org,+1-656-614-1183,Port Monicatown,2024-07-14,Silver,511
240,Katie Robinson,johnsonkyle@example.net,(846)866-5371,West Timothyborough,2023-09-22,Gold,3542
241,Elizabeth Delgado,haleylisa@example.com,(757)504-4166x849,Rebeccamouth,2023-07-11,Regular,637
242,Jeremiah Edwards,ashleyivan@example.org,951.332.1424x5590,North Jeannefurt,2024-12-03,Silver,3177
243,Lawrence Williams,harold93@example.net,+1-470-300-7892,Riggsside,2026-01-10,Gold,4648
244,Haley Vasquez,coxkaren@example.net,491-588-7413,East Ronald,2024-10-28,Platinum,1018
245,Michael Cherry,glennmorgan@example.net,(821)693-0562x2096,Lake Kelly,2025-01-18,Gold,148
246,Emily Haney,emilyacosta@example.com,712-982-6208,Washingtonbury,2023-11-27,Platinum,1918
247,Deanna Bass,tara03@example.org,(773)766-1818,Lake Davidburgh,2025-10-28,Gold,4502
248,Destiny Williams,williammoore@example.org,001-701-690-8694x41150,Robinville,2024-10-18,Silver,3343
249,Kristine Harper,cardenastimothy@example.org,6565473080,Lake Larry,2025-12-12,Gold,4610
250,Edward Jones,michelle37@example.net,654-926-3663x813,Josephbury,2025-04-04,Platinum,4217
251,Jack Perkins,danielskelly@example.org,+1-627-363-1499x270,Jillianport,2024-04-14,Silver,761
252,Brian Elliott,vpugh@example.com,001-391-872-3820x1797,Jeanchester,2024-06-12,Regular,1236
253,Sandra Foster,tristan14@example.org,(408)549-4051,Ericton,2025-02-09,Silver,2628
254,Oscar Adams,alane@example.org,942-524-8098,Donnamouth,2025-10-09,Platinum,4876
255,Lynn Jackson,taylor04@example.net,530.744.9374,Andrewchester,2023-09-10,Silver,3650
256,Aaron Parker,anthonyvillanueva@example.net,+1-821-990-5753x6081,Port Breanna,2025-08-13,Gold,1145
257,Hailey Guzman,juliemorrison@example.com,+1-286-688-1713,Marcusmouth,2023-12-18,Silver,3240
258,Angel Curtis,brenthernandez@example.com,001-757-546-9824x44709,Traceytown,2026-02-15,Platinum,4248
259,Patrick Cooper,ballmatthew@example.net,001-610-332-1449x10861,New Julia,2023-09-12,Regular,2053
260,Corey Jones,kaitlyn12@example.org,+1-544-949-7086,Wallacemouth,2026-05-13,Silver,1954
261,Adrian Garcia,suzanne73@example.org,(662)851-1202x51430,New Scott,2025-06-29,Gold,1811
262,Taylor Kelly,qmassey@example.net,001-863-810-5953,Oscarmouth,2023-12-22,Platinum,260
263,Joshua Hensley,nicolewilson@example.org,+1-549-697-2695,Buckville,2024-12-31,Gold,723
264,Melissa Mathews,xsanders@example.net,547-694-4981,East Ericstad,2025-07-25,Regular,521
265,Sarah Hardy,marthaflores@example.com,001-492-982-7574,Port Justin,2023-09-05,Gold,60
266,Jesus Blair,jordansean@example.com,5116969288,Shaneberg,2025-07-30,Gold,103
267,Alan Fischer,awood@example.org,001-973-544-4796,Port Robert,2024-11-25,Silver,1292
268,Mrs. Kathleen Walton,ebooker@example.net,(501)875-8422,Jeffreyside,2025-11-13,Platinum,2472
269,Amy Hoover,jameskim@example.com,(541)699-2168,Port Veronicaland,2024-02-12,Silver,4961
270,Mark Diaz,qmckee@example.org,001-801-772-0501,Scottland,2024-08-31,Gold,1374
271,Sarah Evans,rachel05@example.com,496.675.8893x8256,East Jeffreyhaven,2024-10-30,Silver,1960
272,Melissa Mccall,jacksonkevin@example.org,785.492.4285,Kirbyborough,2025-06-07,Silver,4014
273,Kristin Rose,chambersholly@example.net,+1-825-574-8447x127,Port Nicole,2025-02-21,Silver,2702
274,Charles Gonzales,hvelez@example.net,(696)640-8193,West Paula,2026-01-12,Silver,1484
275,Nicholas Duarte,yanderson@example.org,873-799-8626,South Emmaberg,2025-04-06,Regular,3365
276,Joseph Aguirre,pattonmatthew@example.net,001-375-931-2476,Martinstad,2023-08-21,Silver,4503
277,Daryl Lee,hernandezkimberly@example.net,001-867-456-1572x71265,North Katrina,2024-08-01,Platinum,1069
278,Kimberly Maldonado,davisdavid@example.com,(343)337-7500,South Yvettefort,2025-06-26,Regular,2015
279,William Johnson,holtjoseph@example.net,(332)673-4972x00521,South Nicholaschester,2024-07-10,Platinum,2
280,Karen Velez,stephanievazquez@example.net,+1-340-433-5349x8123,New Brandon,2025-07-13,Gold,2917
281,Kent Bishop,parkeranthony@example.org,576.209.6241x679,Madelineburgh,2026-06-25,Gold,2421
282,Samantha Marks,bmurray@example.org,950.953.0498x59631,Parkerbury,2025-07-12,Platinum,3513
283,Cesar Wright,ericagibson@example.net,669.947.4907x8880,Lake Christophertown,2024-02-03,Platinum,1693
284,Kenneth Arias,erika93@example.com,999.417.5920x36051,Lorichester,2025-06-01,Regular,3652
285,David Moreno,heidiferguson@example.com,694-956-5690,South Davidfort,2025-10-21,Silver,1602
286,Alexandra Spencer,millersarah@example.com,001-473-243-6415x8894,West Susanfort,2026-01-11,Silver,3024
287,Jordan Bauer,idavis@example.com,+1-692-932-0648x2617,Port Deborah,2023-11-15,Gold,4287
288,Deborah Jenkins,mdavis@example.net,(668)338-5927x71860,Michelleside,2024-05-22,Regular,3111
289,Nathan Waters,qjacobs@example.org,001-876-768-5183x731,New Leahton,2024-04-08,Platinum,385
290,Peter Mercer,marymoore@example.org,237-822-7351x96112,East Margaret,2023-12-22,Platinum,4654
291,Tracey Long,davislauren@example.org,416.341.6469x570,Lindafurt,2023-08-21,Regular,1397
292,Courtney Graham,hesterjacqueline@example.org,398-485-8109x831,Jenniferbury,2024-10-18,Gold,1136
293,Eugene Lambert,cooperkurt@example.org,583.622.6378x019,Port Daniel,2025-04-16,Platinum,2588
294,Juan Carey,nelsonpaul@example.net,281-683-7674x2706,West Anitatown,2024-05-08,Platinum,3567
295,Dennis Dougherty,donnawilliams@example.com,663.666.4464x800,North Taylor,2023-07-24,Gold,3029
296,Stephen Anderson,wcallahan@example.com,9243173832,Jenniferborough,2023-12-26,Gold,2001
297,Kevin Stanley,rachelharmon@example.net,+1-679-330-7646x03191,Carlsonborough,2026-02-02,Platinum,1572
298,Kenneth White,justinblackwell@example.org,001-226-261-0125x9468,South Danielle,2024-06-20,Gold,3433
299,Jeffrey Carney,aibarra@example.net,406.563.5295x690,West David,2024-02-29,Regular,2972
300,James Wilson,brendamoore@example.net,001-499-280-9707x53100,East Christopherland,2025-04-02,Regular,1137
301,Lynn Leon,richardramirez@example.org,765-318-6275x651,East Darius,2026-01-09,Platinum,4888
302,Christy Porter,pclark@example.org,001-628-353-1844x118,New Christopher,2024-06-16,Gold,515
303,Kelly Montes,rbradley@example.org,433-977-3377,Wumouth,2024-02-27,Gold,459
304,Kristina Smith,carol43@example.org,336.605.5192,Juanburgh,2026-03-01,Silver,635
305,Stacie Rasmussen,martinezcheyenne@example.net,001-308-789-7690x981,North Coreyberg,2025-12-23,Platinum,1426
306,Clinton Moore,maurice28@example.org,9064315637,Amandatown,2026-05-22,Gold,3376
307,Christopher Morgan,brittney19@example.net,(896)372-1451x87357,West Vincentburgh,2023-07-27,Regular,1720
308,Dr. Lucas Williams DDS,joshuaperkins@example.net,(629)991-5900,South Kelseyside,2023-10-01,Gold,965
309,Linda Murphy,hpham@example.net,001-625-979-9070x50303,Stephanieburgh,2025-01-31,Gold,2462
310,Eric Bell,emily82@example.com,996-558-8115x544,Jacobhaven,2023-12-18,Gold,1237
311,Monique Kirk,medinaangela@example.org,(649)929-0630x117,Jasonside,2025-05-23,Gold,4491
312,Robert Hall,johnwilliams@example.com,(709)236-9404,West Jill,2025-01-11,Platinum,2146
313,Maria Mcgee,brian75@example.com,(527)290-1377x770,North Gregory,2025-12-12,Platinum,636
314,Travis Martin,operry@example.org,(447)839-1948,South Joshua,2025-03-23,Platinum,1907
315,Heather Moss,zjefferson@example.net,(463)235-1251x63835,Port Shawnmouth,2024-03-16,Silver,3193
316,Andrew Bates,april78@example.com,663-478-9605x8340,Andersonchester,2025-09-22,Silver,3847
317,Jeffrey Garcia,smoore@example.net,548-627-7641,Port Judy,2024-02-21,Regular,4454
318,Joseph Hines,ryan26@example.com,488-540-2429,Whiteheadfort,2025-05-26,Silver,4710
319,Heather Nelson,ufox@example.org,212-584-2870,Beardtown,2025-12-15,Silver,3446
320,Steven Stark,christina84@example.org,457.647.0956x703,New Erinton,2023-10-01,Platinum,430
321,Michael Stewart,donald85@example.com,426-894-5556x5233,New Dannyborough,2026-03-06,Gold,3176
322,Amber James,burnettcarla@example.net,742.629.7705x619,Karenstad,2023-07-28,Regular,4499
323,Peter Barton,michaelcalderon@example.com,(867)291-3983x3691,Lake Davidbury,2023-08-17,Gold,4765
324,Caroline Rodriguez,mary63@example.net,(558)945-3440,Esparzaborough,2026-01-09,Regular,3515
325,Shelby Fleming,ortizdonald@example.com,+1-736-427-6665x788,Lynchberg,2025-01-22,Silver,14
326,Cynthia Johnson,kellybarnett@example.org,514.627.2749x07409,Olsenmouth,2025-10-12,Regular,173
327,Sandra White,diane21@example.net,522-874-2661x62873,Huffmanland,2026-02-26,Silver,2024
328,Paul Cook,jamessanchez@example.com,811-944-6511x0902,Petersfurt,2026-05-08,Platinum,1232
329,Rebecca Sosa,fharrison@example.com,+1-400-494-8299x72493,Rachelfort,2023-11-04,Platinum,2229
330,Shannon Mendez,pdavis@example.org,(480)267-2990,Veronicastad,2025-05-11,Gold,4112
331,Sarah Park,iramirez@example.net,741.897.8286x02224,Annmouth,2023-08-29,Silver,2910
332,Ruth Hoover,smithmatthew@example.org,(392)497-9400,Port Meredith,2024-02-05,Platinum,2947
333,Adam Collins,sara62@example.net,(782)655-0598x209,Garyside,2025-06-24,Platinum,42
334,Matthew Moody,scottgibbs@example.org,336.599.5265x2873,North Rebecca,2024-11-02,Gold,590
335,Christina Phillips,ataylor@example.com,606.689.2506x7204,New Manuel,2024-01-11,Silver,1251
336,Scott Boyle,desireesanchez@example.org,427-562-7809x34502,Stewartstad,2023-07-07,Gold,651
337,Lawrence Foster,garciadavid@example.net,900-621-6335,Brettfort,2023-07-16,Platinum,4989
338,Mason Meadows,woodmichael@example.com,4469189060,Martinezberg,2023-10-10,Gold,3036
339,Andrew Johnson,coreyhopkins@example.net,7768424905,New Thomas,2025-03-25,Gold,4081
340,Bryan Gamble,ataylor@example.net,238-977-7945x7566,Adamsborough,2024-01-11,Platinum,2800
341,Amanda Perkins,emily21@example.org,2416624797,Donnaland,2024-06-20,Silver,3984
342,Cindy Grimes,anthony25@example.net,240.377.4701,Julieview,2024-10-12,Gold,1118
343,Sarah Vargas,waguilar@example.net,861-613-9492x73416,Port Ralphstad,2026-06-28,Platinum,220
344,Andre Brooks,henry64@example.org,596.561.1629x0785,Robertview,2024-07-20,Regular,2476
345,Angela Brock,johnholland@example.org,332.487.1687x121,Davisborough,2024-12-09,Regular,1391
346,Emma Schmitt,clinekristen@example.net,806-454-5337,North Robin,2024-11-02,Regular,4375
347,David Chen,njohnson@example.net,(647)837-5282x6514,Laurenton,2024-03-18,Gold,2505
348,Mr. Timothy White,nadams@example.net,371.649.0239x9083,North Kristen,2023-12-19,Platinum,4255
349,Kathryn Leonard,lisareynolds@example.net,271-978-8064x7202,Hohaven,2023-07-11,Platinum,3497
350,Brett Davis,dsmith@example.org,307-657-8760x248,South Judithside,2025-12-02,Gold,1727
351,Jamie Campbell,pmiranda@example.net,+1-343-717-8518x5734,Munozside,2024-08-05,Platinum,1657
352,Alexander Fitzpatrick,taraarmstrong@example.com,001-482-670-6939x2852,North Joanna,2023-12-30,Regular,2401
353,Jessica Smith,fsmith@example.net,793-898-7279x296,South Paulshire,2026-01-11,Silver,4551
354,Paul Cox,elizabeth06@example.com,5876104409,North Elizabethmouth,2024-05-25,Gold,3678
355,Katherine Thompson,heather71@example.net,(613)469-6616x129,North Christopher,2026-03-18,Platinum,4427
356,Tiffany Forbes,brian01@example.org,9344960730,North Haileychester,2025-04-11,Regular,3540
357,Richard Dorsey,fwillis@example.com,(767)381-6536x503,West Kathy,2024-04-16,Silver,4202
358,Jason Bell,gthomas@example.com,+1-324-309-0815x255,North Nicholasshire,2025-06-29,Silver,3261
359,Nicholas Robinson,hendrixdaniel@example.net,273.545.7420x17036,Medinaview,2023-12-07,Platinum,2073
360,Kendra Ellis,blewis@example.net,+1-792-418-8280x27131,West Jacobmouth,2025-05-05,Platinum,3179
361,Dustin Crosby,atkinsonjames@example.net,(545)601-8480,Lake Robinstad,2023-08-12,Regular,1452
362,Michael Woods,iglass@example.net,+1-620-365-7693,North Angela,2024-09-26,Silver,993
363,Bradley Perry,quinnamber@example.org,(490)727-0839x07171,Lake Jeffery,2025-03-20,Gold,303
364,Nathan Roberts,skrueger@example.net,001-878-568-2473,North Cassandratown,2024-05-30,Silver,2580
365,Mr. Eric Dalton,austinharris@example.net,389.914.8101x768,South Linda,2024-01-23,Silver,4274
366,Terri Rivera,olsonluis@example.net,285-501-4281x4657,Samuelchester,2024-10-31,Regular,4931
367,Tammy Scott,aolson@example.org,(959)279-7094x2092,West Dakota,2024-01-16,Regular,4217
368,Theresa Gallagher,shawalyssa@example.net,290-345-1424x710,Millertown,2026-04-27,Silver,650
369,Joseph Garza,troyturner@example.org,(452)769-3852x936,Ellenfurt,2025-01-29,Regular,423
370,Charles Stanley,philip11@example.com,(775)781-4449x191,West Kimchester,2026-02-10,Gold,3226
371,Nicholas Young,collinsheather@example.net,(983)498-5984,Port Heidi,2024-12-12,Gold,2399
372,Mr. Scott Jackson,madisonpoole@example.net,(762)458-5208,Peckland,2026-01-04,Silver,1443
373,Juan Mendoza III,garciaashley@example.org,221.597.5340x23243,Emilyfurt,2024-07-12,Regular,3676
374,Kyle Wilson,lspencer@example.com,+1-251-987-3988x48447,East Lauren,2024-02-18,Gold,3503
375,Ashley Gordon,smithstephanie@example.com,638-250-1425x175,Lake Michael,2024-04-09,Regular,3476
376,Stephanie Parker,mclaughlinpaul@example.org,639.540.8776,East Catherinemouth,2024-04-22,Silver,188
377,Lauren Santiago,danielleodonnell@example.net,7604297992,South Brittanyborough,2026-06-20,Regular,4902
378,Larry Wilson,fryjulie@example.net,+1-442-925-7877x9383,South Johnhaven,2024-07-12,Silver,4036
379,Shannon Green,christie84@example.net,926-620-0472,West Lori,2025-09-02,Platinum,1591
380,Gregory Nelson,lthomas@example.com,+1-642-341-6500x78998,Deniseberg,2024-01-01,Silver,78
381,Virginia Blankenship,bcooper@example.org,001-445-263-9114x8072,Lisafort,2024-06-07,Silver,1170
382,Michael Alvarado,gjohnson@example.com,+1-407-970-2631x2409,North Michaelton,2023-07-27,Silver,4094
383,Cynthia Perkins,matthewmiller@example.net,515.211.7788,Oscarchester,2023-09-11,Gold,1826
384,Kimberly Lopez,hollyknapp@example.com,001-303-298-0194x0034,Lake Michael,2024-12-14,Silver,1773
385,Daniel Shaw,cgomez@example.com,9272619934,Johnborough,2025-05-30,Platinum,3600
386,Peter Sanders,gileselizabeth@example.com,816-899-6367,Sonyashire,2025-02-18,Platinum,2641
387,Robert Perkins,joseph14@example.org,665-836-4383x8323,Jamesborough,2025-04-22,Regular,2387
388,Anna Dominguez,manuelsmith@example.com,001-291-396-5295x439,Robertastad,2023-08-19,Gold,2260
389,Dr. Joshua Hess,hillscott@example.net,226-854-2538,North Kayla,2024-06-15,Silver,6
390,Curtis Duncan,youngbarbara@example.org,496-634-8736x793,Stephenburgh,2024-11-10,Gold,4850
391,Mark Jackson,skirk@example.net,+1-284-423-7780x5017,New Randyburgh,2025-12-03,Regular,3916
392,Jenna Holt,lpeterson@example.com,001-783-846-1811x975,Stuartport,2025-11-02,Gold,3701
393,Joseph Turner,david28@example.com,791-389-4174x33884,Lake Moniquechester,2025-12-29,Gold,1163
394,Jennifer Wright,benjamincannon@example.org,288-716-7328x8510,Jeffburgh,2026-06-13,Regular,2536
395,Nicole Rubio,melanievelez@example.net,001-265-757-5420x4658,Espinozamouth,2026-03-25,Gold,1634
396,Andrew Kelly,joshua88@example.net,001-636-329-3304x1510,Welchberg,2025-05-11,Regular,3524
397,Whitney Hardy,fostershelly@example.com,+1-508-434-7596x62106,Zamorashire,2026-02-01,Silver,2864
398,Dale Riddle,josephday@example.net,867-265-5913,Port Thomas,2025-02-11,Regular,922
399,John Lee,samantha18@example.org,(844)869-1811,Fisherview,2024-01-23,Platinum,2964
400,Neil Mayo,pbass@example.com,574-915-2119,Collinsport,2023-08-06,Gold,611
401,Martin Hernandez,vgibson@example.net,486-912-7905x649,South Samuelbury,2025-07-06,Regular,2405
402,Katherine Watkins,dbrown@example.org,633.607.3709x1010,East Richard,2023-11-05,Regular,2396
403,Kimberly Cannon,wrightallen@example.com,001-424-607-2320,Robertville,2025-10-16,Platinum,4166
404,Emily Hodge,tuckertyler@example.org,698.996.7492,Martinezborough,2025-07-21,Gold,403
405,Erin Moore,caseyanderson@example.com,726.225.0562,North Jennifer,2024-06-30,Silver,2008
406,Danny Barber,jeffreyburns@example.com,558.963.6836,Port Heather,2024-10-02,Platinum,4555
407,Ashley Berg,jonathan75@example.com,+1-851-926-9365,Perryfort,2024-10-24,Regular,3390
408,Matthew Vargas,zmccarty@example.net,(870)702-9788x2844,New Brian,2026-02-02,Silver,1235
409,Cathy Johnson,emilyjones@example.net,001-226-271-8345x92183,Prestonhaven,2024-01-07,Silver,689
410,Sarah Perez,qpetty@example.com,(733)510-4998,Morenofurt,2025-09-08,Platinum,4740
411,Theresa Patterson,molly43@example.org,(504)230-4585x844,Hollyfurt,2026-06-02,Silver,1575
412,Wesley Mann,anthony89@example.com,242.715.8717x92430,New Jamesmouth,2025-05-27,Silver,3363
413,Crystal Simon,qgonzalez@example.net,+1-451-559-3836,Carolynstad,2025-01-03,Platinum,2348
414,Brandy Flores,ann34@example.net,668.451.1084,Hollandhaven,2023-10-06,Regular,3414
415,Christopher Beck,dianewhite@example.net,879-224-9393x848,Nicolechester,2025-03-09,Gold,3114
416,Chelsea Meyers,jesse08@example.org,(914)231-5753,East Adam,2025-04-18,Gold,3040
417,Krista Warren,benjamin75@example.com,001-246-258-7589x4736,West Isaiahside,2025-05-07,Silver,2258
418,Jeffrey Benjamin,ortegalarry@example.org,(590)923-1861,Jenningsmouth,2026-06-14,Regular,4998
419,Tyler Brown,carolynkane@example.org,+1-554-778-4387x292,Stephanietown,2024-08-21,Gold,84
420,Kenneth Ali,millermadeline@example.com,336-338-1831,Lake Johnathan,2023-10-22,Gold,945
421,Noah Fischer,stevengordon@example.net,(671)851-2581,New Katrinahaven,2025-02-11,Regular,4140
422,Tyrone Thomas,smithjohn@example.com,001-251-482-4917x8801,Stevechester,2025-08-21,Platinum,3792
423,Brenda Cohen,thomas13@example.net,644.468.0309x90303,Port Thomasborough,2026-04-09,Regular,484
424,Jon Valdez,amanda49@example.com,272.927.5100x206,New David,2025-09-09,Silver,292
425,Paul Johnson,sabrina57@example.org,(905)758-4045,North Karen,2026-05-10,Gold,3884
426,Sharon Watkins,jason57@example.com,001-523-347-3796x831,Michaelport,2024-12-11,Silver,4284
427,Kaitlyn Hernandez,alexandra87@example.net,(297)952-9567x96500,Lake Deborahborough,2025-09-02,Gold,4812
428,Mr. Joshua Obrien,jennifer49@example.com,392-340-6630,Lewisborough,2024-09-20,Platinum,283
429,Sylvia Perkins,nicole91@example.com,(845)540-8370x767,Williamstown,2024-03-27,Gold,2159
430,Matthew Hernandez,catherineburnett@example.org,+1-203-266-0486x396,Carrollfort,2026-03-01,Regular,350
431,Rachel Nichols,paul95@example.org,740-772-2257,East Michael,2025-10-02,Gold,4555
432,Jessica Jones,bianca83@example.org,+1-670-670-2535x2735,Sharonmouth,2023-08-31,Silver,915
433,Robert Cobb,morrisonthomas@example.net,700-868-9725x56522,Reynoldsbury,2026-06-02,Gold,1162
434,David Black,rparker@example.net,7706486352,Laurastad,2024-03-14,Platinum,1183
435,Melissa Hensley,hsanchez@example.com,(426)240-3373x391,West Samuel,2026-03-15,Silver,2185
436,Rachel Brown,nicolejohnson@example.net,(672)234-0500x1791,Matthewston,2023-07-26,Silver,1174
437,Daniel Martinez,darryllittle@example.net,900.640.7526,Lake Manuelburgh,2025-12-06,Silver,4658
438,Shane Wallace,lorigallagher@example.com,001-691-441-8362x01184,North Sherry,2025-05-27,Silver,1063
439,Sheila Love,sheppardallison@example.com,509-481-7049,Tonishire,2025-06-03,Platinum,2090
440,Linda Fisher,nicole56@example.org,001-643-837-1506x2143,East Kaylastad,2026-05-07,Silver,4508
441,Matthew Lopez,larsenelizabeth@example.com,(854)917-4329x011,New Matthew,2024-02-08,Regular,2965
442,William Zhang,usullivan@example.net,529-639-6173x415,New Charles,2024-06-01,Gold,1343
443,Anthony Sims,zacharynewman@example.com,+1-626-940-1709x5336,Port Jonathanborough,2026-04-20,Silver,4634
444,Ryan Nelson,angela43@example.org,001-212-951-2702x11098,Lake Jacquelinefurt,2025-09-16,Gold,1689
445,Patricia West,jonathan17@example.org,799-846-8034x9858,Wendyton,2024-12-04,Regular,392
446,Michael Murillo,fnguyen@example.com,805-448-7091,Fieldsshire,2023-09-04,Regular,4061
447,Michael Griffin,jacob51@example.com,+1-270-871-0624,Karlashire,2024-06-24,Platinum,2157
448,Jennifer Rogers,zmorales@example.com,884.823.4704,South Michaelburgh,2023-12-23,Silver,4010
449,Brian Thompson,anthony35@example.org,337.499.8396x1840,Michaelborough,2024-10-12,Gold,3433
450,Kelly Arias,michael02@example.com,(792)656-0386,Lake Kristin,2023-11-11,Silver,551
451,Sean Stevens,darrylhunt@example.com,(225)471-5763x455,Lake Michael,2025-10-25,Gold,892
452,Alexis Navarro,nmathis@example.com,(782)759-5590,New Bryce,2025-02-06,Silver,2539
453,Joshua Brown,kristin74@example.com,001-997-210-8293,Justinburgh,2025-11-29,Platinum,3402
454,Adam Jones,juan07@example.org,(540)349-0849,Port Elizabeth,2025-05-25,Silver,704
455,Nicole Hernandez,rebeccaduncan@example.org,239.958.7147x957,South Ryanview,2024-05-08,Regular,2298
456,Michael Morrison,robertphillips@example.net,001-295-801-9583x61238,Bowersberg,2024-09-20,Platinum,2646
457,Margaret Hebert,matthewduncan@example.com,(838)669-2070x17919,Sandersbury,2024-09-29,Regular,3003
458,Sara Summers,mollyjackson@example.org,398-569-4265x529,Williamsstad,2024-09-14,Regular,920
459,Olivia Contreras,patriciaparks@example.com,530-893-2892,North Amy,2023-07-29,Silver,3694
460,Nicole Smith,donna96@example.org,(966)839-5236,East Ronaldmouth,2025-11-11,Silver,485
461,Eric Peterson,middletonjohn@example.com,+1-640-491-7806x12667,Kyliebury,2024-05-23,Regular,2861
462,Anna Rios,melinda58@example.com,(488)473-9015x8186,Lefurt,2025-04-16,Platinum,3607
463,Lori Watson,hhughes@example.net,001-916-320-2992x13994,Nunezland,2023-08-17,Regular,1730
464,Paula Stokes,fletchersteven@example.org,303-985-3979x87684,Port Misty,2024-12-23,Silver,4383
465,William Adams,courtney51@example.org,230-773-2657,Christopherport,2026-05-04,Gold,2278
466,Michael Ramirez,carolhenson@example.com,001-702-213-1830,Millerfort,2025-01-08,Platinum,3364
467,Mary Bernard,acollins@example.org,293-922-5244x86868,South Brandon,2025-02-13,Platinum,4529
468,Emily Lamb,donaldanderson@example.org,261.263.1427x3028,East Walter,2025-08-17,Silver,2944
469,Clifford Jenkins,connor61@example.org,498.981.6315,Evanland,2026-01-29,Silver,1131
470,Jeffrey Pittman,ltaylor@example.net,729.461.6510,Port Kimberly,2026-02-28,Silver,4453
471,Christopher Deleon,tamara09@example.net,001-620-775-8858x11754,Derrickchester,2024-09-01,Gold,506
472,Julie Rice,sfisher@example.com,2595419268,Ruizville,2026-02-04,Silver,1109
473,Tristan Williams,sarah64@example.com,(526)287-6504x78461,Castanedamouth,2023-12-08,Platinum,4746
474,Carla Strickland,maurice96@example.net,+1-417-829-5165,Port Carl,2023-11-19,Silver,4544
475,Robert Sosa,fmiller@example.net,760.505.7289,Lake Brendaland,2026-04-17,Regular,3535
476,Natalie Rodriguez,leejones@example.net,(296)387-4149,Lopezchester,2024-05-17,Platinum,1051
477,John Chambers,emason@example.net,+1-378-211-6118x91382,Brucestad,2025-12-08,Regular,2605
478,Brandon Meza,tunderwood@example.org,498-231-3954x064,Jenniferfurt,2023-07-16,Silver,2889
479,Casey Porter,vandrews@example.org,464.223.2333x942,Saraberg,2023-12-05,Silver,2401
480,Justin Chavez,hbraun@example.com,471-711-0064,West William,2025-07-22,Silver,2131
481,Krystal Rogers,lori30@example.net,(271)655-7696x17543,West Andreaburgh,2025-04-24,Gold,3244
482,Martin Campbell,castillomichael@example.org,001-897-470-8467x4272,Karenfurt,2025-03-24,Gold,1723
483,Miguel Ortega,jasmine56@example.com,(695)696-7018x50809,Port Michelle,2024-09-08,Regular,633
484,Linda Wall,nelsonharold@example.net,001-251-560-4091x93478,Jessicabury,2023-10-30,Silver,4138
485,Tamara Vargas,snydertanner@example.com,001-236-969-0150x9258,Torresborough,2025-03-02,Regular,4205
486,Linda Webb,chapmanangela@example.com,463.679.9864x84740,North Brookestad,2024-10-29,Platinum,3180
487,Lisa Mckinney,christopher80@example.com,464.428.1938,Perrystad,2024-10-07,Gold,118
488,Andrea Pena,patricia05@example.org,+1-758-364-3198x80368,Maryburgh,2025-01-14,Gold,3737
489,Christina Arroyo,lewisbenjamin@example.com,925-341-5106,East Brittneyburgh,2026-02-13,Gold,3188
490,Michael Hayes,dsmith@example.com,7006208782,Brianland,2025-09-15,Platinum,3666
491,Jennifer Garcia,rramirez@example.net,+1-982-382-7878x176,Blackwellborough,2024-11-11,Silver,1563
492,Rickey Lindsey,lucasmonica@example.com,+1-620-778-1015,Donaldhaven,2023-09-26,Gold,1759
493,Tonya Williams,jackaustin@example.net,729.777.2246x95700,North Christineberg,2025-06-17,Regular,3297
494,Bryan Scott,jtorres@example.org,337.887.8529,Greenbury,2026-06-20,Platinum,3204
495,Sandra Johnson,alan91@example.org,6633434301,Jenniferborough,2026-05-06,Platinum,2037
496,Stephen Walters,katie57@example.com,+1-507-404-6278x8536,Russellfort,2026-02-13,Gold,4333
497,Anna Cohen,gabriel91@example.com,968-540-4086x2231,South Ryan,2026-01-02,Regular,605
498,Russell Dillon,awilliams@example.org,828.552.4861,Jenniferchester,2025-01-31,Silver,4040
499,Riley Hudson,dean17@example.net,237.373.8356x0314,Monicafurt,2026-05-31,Regular,3000
500,Amanda Miller,tmacias@example.net,001-202-973-9756x45753,East John,2026-06-20,Silver,3336
501,Shannon Wells,glenthompson@example.com,451-488-1767x195,North Parkerside,2024-06-07,Platinum,4084
502,Andrew Johnson,michael49@example.com,(491)631-7082x6749,Thompsonton,2026-01-30,Platinum,2250
503,Robert Johnson,waltersleonard@example.net,483-680-6069x1731,South Rickey,2025-07-30,Platinum,4340
504,Jennifer Mcguire,jgarza@example.net,001-575-926-3575x8108,East Samuelborough,2025-05-12,Gold,3114
505,Tami Meyers,tcollier@example.com,001-432-248-2886x42222,Lake Michelleborough,2025-04-24,Platinum,4772
506,John Ramirez,michaelmatthews@example.org,962.280.8305x9773,Johnberg,2024-01-28,Platinum,2109
507,Edwin Howard,esalas@example.net,750-547-5203,Port Michaelstad,2025-05-12,Platinum,3168
508,Chad Russell,raymond43@example.org,001-346-781-8077x8142,West Ebonyland,2025-05-01,Regular,1677
509,Jonathan Davidson,riveragloria@example.org,(797)632-9891x52329,Brandonland,2025-12-27,Regular,1867
510,Brianna Blankenship,matthew11@example.com,+1-657-674-2363x15289,South Samantha,2023-12-13,Platinum,917
511,Dale Morrow,michelle60@example.org,457.430.3291x9716,North Kevinshire,2025-05-10,Gold,2439
512,Eddie Rose,nicolereyes@example.org,(984)476-0981,South Jeffreybury,2023-09-05,Regular,4351
513,Elizabeth Jones,tammy74@example.net,(366)750-7363,Jonesborough,2024-10-22,Gold,1931
514,Doris Martin,patricia31@example.net,478.248.9481,South Jason,2024-03-16,Platinum,1159
515,Joshua Ball,williamsjessica@example.net,+1-460-636-8018x84355,South Patriciaview,2023-12-06,Regular,3710
516,Daniel Perez,jeffrey47@example.net,+1-520-719-3417,Reyesmouth,2023-09-12,Silver,4135
517,Leah Espinoza,thomasmoore@example.com,001-247-789-2991x152,Barbaratown,2023-07-19,Gold,3496
518,Stephanie Ritter,lopeznancy@example.com,(574)830-6085,Angelaport,2024-03-19,Silver,10
519,Robert Williams,westduane@example.org,6506568390,Williamschester,2024-09-09,Gold,452
520,Michael Bullock,sharonlewis@example.com,+1-432-435-3708x763,New Donaldstad,2025-01-09,Silver,4945
521,Amy Ramirez,joshuadouglas@example.net,972.419.3503x85724,East Collin,2025-06-02,Platinum,4147
522,Mark Smith,bellemily@example.net,+1-542-800-5815x138,Halltown,2024-11-20,Silver,3725
523,Anna Logan,jenniferdavis@example.org,228-254-0380x863,Stantonbury,2026-05-29,Gold,1588
524,Candice Boyd,englishjacob@example.com,001-350-641-1714x7529,North Scottfort,2024-05-18,Gold,486
525,Mackenzie Diaz,brentwilliams@example.net,+1-734-279-2576x79814,West Miranda,2024-01-14,Gold,1300
526,Maria Ewing,nathanroberson@example.org,001-712-804-9721,Karamouth,2025-11-21,Platinum,2322
527,Dustin Smith,tonya44@example.org,831.339.6775,New Russellfurt,2023-09-01,Silver,18
528,Darin Villanueva,lawsonjacob@example.com,001-484-590-2447x9007,Samanthaside,2023-08-08,Platinum,613
529,Corey Dalton,benjamin41@example.org,4422321096,Lake Robert,2025-02-14,Silver,4215
530,Pamela Cook,smithmark@example.com,640.486.2058,Johnsonmouth,2025-07-07,Regular,3197
531,Julie Nguyen,kwilliams@example.com,(750)939-1133,Ashleyport,2025-06-22,Gold,4127
532,Shannon Velazquez,randall83@example.org,(518)407-4194,East Laura,2024-11-14,Gold,2301
533,Jason Hanson,monicalewis@example.com,+1-572-744-7950x2321,Port Cynthiaview,2024-05-16,Platinum,1657
534,Christopher Jackson,kennethperry@example.net,768-511-5795x97280,East Joseph,2024-10-05,Silver,652
535,Maria Wallace,deanna57@example.org,+1-340-861-2039x3076,Aaronville,2024-05-29,Platinum,3609
536,Hayden Medina,nicholas19@example.org,(223)493-9228,Port Justin,2023-06-30,Platinum,3733
537,Rebecca Smith,reyesmichael@example.org,001-263-231-4295x82372,Perezshire,2025-10-07,Regular,734
538,Rebecca Wood,lhubbard@example.org,822-993-0770x842,Loriborough,2025-01-11,Silver,1375
539,Kevin Cook,upotter@example.com,001-992-853-6079x74760,East Kylehaven,2024-07-21,Gold,76
540,Ryan Dawson,lisawheeler@example.org,(601)966-7969x085,Lake Timothy,2024-02-06,Silver,4606
541,Jennifer Luna,williecraig@example.org,2149273835,Edwardsberg,2024-10-17,Platinum,2251
542,Benjamin Mitchell,kathleen00@example.org,830-440-2304,West Steveland,2024-03-14,Regular,4056
543,Kevin Rios,pgutierrez@example.com,+1-459-236-9837,Leonardshire,2025-02-05,Gold,1033
544,Andrea Martin,brianhess@example.com,433-896-5795x117,Ruthport,2025-12-25,Regular,3343
545,Lynn Wilson,qcaldwell@example.org,6279672545,Stephentown,2025-06-07,Regular,4970
546,Corey Levy,davidsanchez@example.org,+1-965-896-2722x453,South Robert,2024-10-19,Platinum,1964
547,Dawn Harper,mclaughlincole@example.org,8166200937,Natalieshire,2026-04-13,Silver,3528
548,Peter Lopez,maureenriggs@example.org,001-218-772-8117x6207,Port Bridgetfurt,2025-12-26,Gold,610
549,Janet Hart,garretthenry@example.org,(625)733-8777x0727,Port Jerometon,2025-04-24,Silver,2105
550,Kevin Mcneil,williamscolleen@example.org,242.639.8414,Doughertyberg,2025-06-12,Gold,4220
551,Bruce Barber,james16@example.org,+1-552-411-0891x45482,Brandiside,2024-08-13,Silver,1393
552,Meagan Thomas,jamespotter@example.org,(350)995-6442x402,Ryanshire,2023-10-01,Platinum,3606
553,Joy Williams,denise68@example.net,8536753431,Johnsonberg,2024-02-03,Silver,3651
554,Amy Ross,douglassnyder@example.com,001-257-579-5492x620,Hendersonfurt,2024-05-01,Regular,4561
555,Melissa Ruiz,stephanierodriguez@example.net,001-389-280-7553,Jacksonview,2026-02-26,Gold,66
556,Tammy Cain,susan27@example.com,+1-938-554-7330x022,West Joshua,2024-09-12,Gold,3039
557,Taylor Mckee,brenda08@example.org,001-355-588-5600x79699,East Antonio,2026-01-22,Platinum,860
558,William Carter,zgarcia@example.com,347.544.9802x92846,South Linda,2023-07-10,Gold,1112
559,Joseph Burnett,mackstephen@example.com,+1-580-833-3724x2451,Port Curtisborough,2025-01-20,Platinum,837
560,William Wolfe,ryan85@example.com,001-754-900-6136x3359,Lake Steven,2025-07-29,Platinum,2789
561,Sarah Diaz,nsmith@example.com,2589966153,West Richard,2024-06-24,Silver,4039
562,Curtis Miller,thorntoncarolyn@example.org,286-961-6908,New Victor,2025-01-07,Platinum,1168
563,Patricia Flowers,brichard@example.net,+1-998-905-2127x6887,Hernandezfurt,2024-06-11,Silver,3951
564,Lisa Logan,heatheredwards@example.org,+1-549-502-8236x7848,Josephburgh,2023-07-04,Silver,3800
565,Elizabeth Flores,pfrazier@example.org,001-680-419-0482x4712,East Alison,2023-11-13,Gold,3777
566,Katherine Rivera,sarah43@example.net,718.291.3905x072,Rogerview,2025-04-05,Silver,889
567,Derek Roy,cynthia23@example.com,546.788.8618x256,Duffyhaven,2025-01-17,Gold,1936
568,Brett Matthews,jamesbrandi@example.com,816-224-7703x09295,South Bethanyland,2024-04-19,Regular,2681
569,Judy Edwards,gary12@example.net,+1-766-396-5332,Jasonberg,2024-02-18,Gold,4578
570,Shelby Wood,gonzalezjohn@example.net,748.630.7566x648,Port William,2026-04-29,Gold,826
571,Juan Turner,sarah48@example.org,3969684932,Christyhaven,2025-10-12,Gold,4521
572,Charlene Davis,myersgerald@example.net,+1-773-985-7133,Danielhaven,2024-03-29,Regular,526
573,Samantha Robinson,rhenry@example.net,593-582-6281x957,Jenniferton,2026-03-03,Regular,2139
574,Susan Benson,ohogan@example.org,641.847.5397x41516,Jameston,2024-06-30,Silver,930
575,Rachel Hodges,lyonscaleb@example.net,001-394-326-5270x41647,Torresshire,2025-11-30,Regular,625
576,Heather Vance,jessicathomas@example.com,(861)544-4913,New Charles,2023-11-15,Gold,4670
577,Michael Thomas,carolyn21@example.com,(926)209-2645x0084,Boydmouth,2023-09-10,Silver,1359
578,Glenn Crosby,adamstanya@example.org,(357)828-9989x643,Waltonburgh,2025-02-15,Silver,2227
579,Carol Cherry PhD,vreyes@example.net,715-511-0807,Marshallhaven,2023-08-09,Regular,2617
580,Paul Hart,eric01@example.org,885.343.4700x08421,Lake Jeffreytown,2026-05-03,Regular,2093
581,Jacob Knapp,logan87@example.net,001-215-692-9020x12696,New Tylertown,2026-06-17,Silver,2743
582,Beverly Roberts,mmiller@example.com,+1-328-467-8248x6100,Jamestown,2024-07-27,Gold,577
583,Michael Smith,jenniferingram@example.net,(958)984-2465x39857,Morganfort,2024-09-12,Gold,1826
584,Maurice Alexander,john81@example.net,001-268-738-7103,Lake Christinastad,2026-05-15,Silver,203
585,Jason Fields,qcruz@example.org,342.481.1416,West Elizabeth,2023-10-07,Silver,184
586,Connor Frazier,andrew93@example.com,714.969.4215x29219,Warrenfurt,2023-07-21,Gold,2567
587,Phillip Perez,jsmith@example.org,405.479.9689x127,West Christina,2025-11-12,Platinum,1272
588,Cindy Hernandez,hglass@example.org,340.761.3497x8060,Michaelport,2025-08-14,Gold,1683
589,Willie Walton,mannrobert@example.com,(660)235-9678x41143,Scottside,2024-08-31,Regular,804
590,Ann Salinas,nwhite@example.com,711-411-9456x2416,East Johnfort,2024-01-01,Regular,2444
591,James Beck,timothy56@example.net,001-494-656-3653,North Rhondafurt,2026-04-26,Platinum,379
592,Heather Mitchell,harringtonholly@example.com,325-218-8726x6955,Lake Victoria,2026-02-02,Platinum,4858
593,Tyler Turner,alexander16@example.net,001-842-766-0504x795,Kristentown,2025-05-25,Silver,680
594,Dr. James Kane,landrykathryn@example.com,(206)742-1105,Robinstad,2025-06-25,Regular,4633
595,Todd Thompson,snyderkevin@example.org,980-830-2649x45494,Knightland,2023-11-21,Regular,216
596,Angela Walker,kelly75@example.org,001-844-830-5143x126,South Leroyton,2025-02-24,Gold,4318
597,Paul White,barbara80@example.com,001-975-705-5350,Nguyenmouth,2025-11-05,Gold,2046
598,Tammy Carrillo,matthew15@example.com,(646)853-2201x671,Martinezbury,2025-05-14,Regular,3437
599,Patrick Garza,williamschristopher@example.com,855-691-6980,Rileymouth,2024-08-12,Regular,3007
600,Joseph Rodriguez,amanda69@example.org,419-436-5000x2378,West Anitachester,2025-06-17,Regular,3335
601,Olivia Howell,pbutler@example.net,001-233-838-9743x906,South Daniel,2026-04-15,Platinum,4179
602,Madeline Buck,kedwards@example.net,598.736.3332x11683,Fernandezview,2026-05-16,Platinum,1072
603,Phillip Mahoney,cannontyler@example.org,(374)622-9468,Vickiefort,2024-06-07,Platinum,1285
604,Julia Martinez,asanchez@example.org,(832)312-2660,Lake Johnbury,2024-06-02,Silver,3980
605,Betty Smith,lgarner@example.com,3202869101,North Ellenberg,2025-08-13,Silver,4554
606,James Gray,iholder@example.net,534-963-5199x05901,Kaylabury,2024-11-22,Gold,2090
607,Steve Sanchez,reginald25@example.com,997.992.2317x71196,New Jeffery,2024-04-17,Regular,4205
608,Jasmine Yang,frostrobert@example.org,(695)925-3100,Lake Angelastad,2023-12-21,Regular,3063
609,Zachary Juarez,vanessa35@example.com,001-759-783-0377x608,Lopezburgh,2024-07-17,Regular,1748
610,Lori Barber,samuel52@example.com,+1-770-338-1620x472,Loganhaven,2025-04-21,Silver,797
611,Taylor Ryan,emilymanning@example.com,+1-569-863-6557,Molinashire,2023-10-01,Platinum,1091
612,Jessica Ortega,mollyfreeman@example.com,001-573-499-0308x457,North Ronaldhaven,2024-04-15,Gold,2479
613,Shelley Carney,andrea25@example.net,996-950-0281x933,West Keith,2025-10-05,Regular,692
614,Brittany Lawson,bburns@example.com,(866)922-7013x733,Coxborough,2025-07-21,Regular,2335
615,Michelle Acevedo,meyerslauren@example.org,+1-600-275-7130x271,Susanshire,2024-03-01,Platinum,4454
616,Joseph Wilcox,ufisher@example.com,900.608.2431x17765,Wintersville,2023-09-18,Gold,4411
617,Michael Burgess,hernandezthomas@example.org,001-427-756-0239x196,Williamsview,2023-08-14,Platinum,2372
618,Herbert Hines,cassandra77@example.com,(892)275-1474,Tracyfort,2026-02-09,Regular,4431
619,Nicole Bailey,renee23@example.net,9275543898,Ashleymouth,2023-10-15,Platinum,618
620,Katherine Lawrence,whitneyzamora@example.net,806.999.1231x8680,Lewischester,2023-12-24,Gold,2899
621,Richard Zamora,zwheeler@example.org,(753)814-6425,New Jessicamouth,2023-11-28,Platinum,2353
622,Jeffrey Woodward,tnolan@example.net,(265)478-5030x695,Abigailland,2023-07-21,Silver,925
623,Cody Nash,vangtimothy@example.com,001-843-638-3107x266,West Allison,2024-10-31,Gold,4443
624,Amanda Ramirez,kristenbray@example.net,001-239-908-3148x96114,Amberburgh,2025-12-09,Gold,4521
625,Kimberly Martin,alvarezfelicia@example.org,504-882-7160,Phillipsborough,2026-04-29,Silver,935
626,Edward King,webbrachel@example.com,943.619.2385x5096,Aliciaborough,2024-06-28,Platinum,732
627,Daniel Rose,nholland@example.com,9316791745,Port Kimberly,2025-10-02,Silver,185
628,Christine Jackson,wspencer@example.org,+1-590-620-9206x059,Port Gabriel,2025-06-14,Regular,2255
629,Tara Mcneil,qjones@example.org,7918625809,Josestad,2025-10-06,Platinum,4655
630,Julie Mendez,alanwillis@example.com,573.914.5978,Lake Jenniferstad,2025-11-10,Silver,4577
631,Danielle Bryant,robertfaulkner@example.org,9354821939,New Devinberg,2026-06-27,Regular,1328
632,Alejandro Trevino,jennifer74@example.net,774-659-9307x4935,South Monica,2024-01-05,Silver,1701
633,Christopher Rivera,jamesrodgers@example.net,587-403-6499x073,New Jameshaven,2023-10-03,Platinum,3564
634,Samantha Flowers,carrolljames@example.org,(564)724-1907,Lake Anthonyfurt,2023-12-18,Gold,4910
635,Mary Mccoy,joshua97@example.com,(548)322-0622x455,Randallburgh,2025-01-30,Silver,4505
636,Andrew Webster,vazqueztyler@example.net,(347)610-4696x961,East Abigailtown,2026-06-05,Gold,1804
637,Rhonda Scott,alexterry@example.org,001-258-599-4004x300,Garciaborough,2026-01-08,Platinum,46
638,Alex Hernandez,daniel35@example.net,5623243873,Rebeccaberg,2025-09-20,Gold,1785
639,Jennifer Robinson,laura94@example.net,742-485-5041x54150,North Michaelmouth,2026-06-12,Regular,1919
640,Matthew Willis,huntamy@example.org,(461)593-4448,Laurashire,2025-06-13,Silver,4668
641,Jerry Guerrero,graykaylee@example.net,(592)428-8422x435,East Sarah,2025-05-10,Platinum,4683
642,Jordan Hines,wjones@example.net,001-727-764-4928,West Madison,2024-11-05,Silver,339
643,Katie Mccann,destiny04@example.net,+1-456-975-8555x207,Christinamouth,2025-01-08,Platinum,1030
644,Hailey Braun,lesliehamilton@example.com,836.790.8668x77135,West Williamside,2024-11-20,Silver,4464
645,Jamie Harris,dillondeborah@example.net,+1-368-687-4569x62691,Ambermouth,2023-10-25,Silver,4826
646,Cody Gentry,nwoodward@example.net,383.894.2854x16990,Haleytown,2026-04-19,Silver,4164
647,Bernard Cain,howardluis@example.com,447.605.0233x24253,Matthewmouth,2026-06-22,Silver,1790
648,Sarah Mann,jon68@example.com,329-242-2699,Jamesshire,2026-03-31,Platinum,4660
649,Steven Jones,dcarrillo@example.org,796-245-5391,North Kevinshire,2026-01-27,Gold,785
650,Laura Fox,mnguyen@example.org,+1-555-603-1587,New Chris,2024-09-10,Regular,2816
651,Amber Mitchell,richard24@example.net,001-207-397-9385x77202,New Corey,2024-01-11,Platinum,3738
652,Luis Jackson,shane87@example.org,(442)774-8095x989,New Ericshire,2023-07-02,Gold,4701
653,Kim Brown,davidwest@example.org,(744)363-1771,Normachester,2023-09-14,Gold,4398
654,Kristin Holder,hallchristopher@example.org,(609)611-7323,Lake Cheyenne,2025-12-13,Gold,666
655,Craig Harris,christopherdunn@example.net,2744060861,Reyesfort,2023-09-18,Regular,1088
656,Julie Barnes,daniellefarmer@example.org,425-413-1460,North Kirstenfurt,2025-04-20,Regular,3876
657,Andrea Scott,brian46@example.com,813.959.1600x512,Franklintown,2025-01-06,Platinum,451
658,Jordan Garcia,matthewfernandez@example.net,619-515-3573,Watsonside,2026-04-17,Regular,321
659,Peter Lee,kandrews@example.net,+1-783-750-6763x2491,New Sarah,2026-05-31,Silver,4007
660,Courtney Hess,thomasraymond@example.com,001-877-759-4633x24006,Christianside,2024-11-13,Regular,1711
661,Gabrielle Dunn,tracey55@example.net,+1-397-540-3804x2710,New Michellehaven,2025-02-12,Regular,4532
662,Edwin Duncan,stephanie28@example.com,(970)280-0334x1435,Jeremiahtown,2024-01-11,Platinum,1132
663,Derek Lewis,melissawallace@example.com,819-561-9701x5222,Ricemouth,2025-03-10,Silver,3607
664,Teresa Sellers,xkirby@example.org,407.956.9620x31757,Taylorville,2025-06-19,Gold,316
665,Corey Wheeler,benjaminguzman@example.org,001-891-780-0005x09179,South Daniel,2023-12-16,Silver,4238
666,Jeremy Harris,walkerrobert@example.org,(583)512-6671,Heatherchester,2025-11-17,Silver,149
667,Catherine Wilson,nathangutierrez@example.com,2294710714,Taylorview,2024-03-27,Gold,4908
668,Donna Hamilton,samuel93@example.com,001-221-389-0067,West Michelle,2024-03-20,Regular,2861
669,Michelle James DVM,shernandez@example.net,932.933.8529x50515,East Victor,2024-02-29,Platinum,4226
670,Anne Swanson,gnovak@example.net,954.991.8471,South Theresastad,2023-12-30,Platinum,202
671,Jimmy Garza,rollinsdavid@example.org,(245)394-1469x76561,Alvaradofort,2025-12-21,Regular,1643
672,Sharon Sanchez,chadbeck@example.org,656-297-1198x329,Lake Brianbury,2024-03-29,Platinum,1488
673,Diana Schwartz,pruittdestiny@example.net,938.735.9649x195,Kruegertown,2026-05-14,Gold,2858
674,Kevin Dominguez,blynch@example.com,969-245-6570x289,West Valerieborough,2023-11-11,Regular,924
675,Christian Miles,maciaspatricia@example.net,678-253-2683x9780,North Carlaport,2025-02-06,Regular,1192
676,Amy Smith,michelle78@example.net,881.922.5991x775,Pamelaville,2026-01-18,Regular,60
677,David Little,barnesmelissa@example.com,+1-595-881-4780x93795,Angelaborough,2025-10-30,Gold,2127
678,Robert Patrick,brooksmeredith@example.com,001-796-303-4969x206,Nathanmouth,2026-01-27,Regular,1991
679,Jerry Bright,smithsamuel@example.com,406-243-8907x2496,Jenniferport,2025-05-03,Platinum,1243
680,Michael Bryant,smalljeremy@example.com,295.795.1094,New Samuel,2025-03-09,Gold,1647
681,Glen Howell,ricardo91@example.org,(886)959-4695x48373,South Haleyshire,2025-04-18,Platinum,2356
682,Adam Schmidt,tanyawarren@example.org,5957354640,Michaelfort,2026-02-27,Silver,3482
683,Felicia Beck,cochranmark@example.com,268-576-6529x94387,East Jackfort,2024-11-24,Platinum,2057
684,Bryan Lara,timothygonzalez@example.org,(252)400-1710x1623,South Jennifer,2026-03-17,Gold,4689
685,Ann Rice,wandazavala@example.net,(256)997-2376x98915,New Donnamouth,2023-08-28,Gold,2871
686,Raymond Cohen,danielorr@example.net,+1-804-589-0044x21494,North Christopher,2024-08-01,Platinum,1475
687,Cory Anthony,kstanton@example.com,286-271-6430,East Ronnietown,2023-12-21,Regular,3201
688,Jennifer Kim,kyle71@example.org,243-501-9144x62713,New Andreaton,2025-04-11,Regular,2314
689,Amber Lane,riverawendy@example.net,001-440-945-7337x299,South Michelletown,2023-08-24,Gold,4847
690,Thomas Dunn,smithjade@example.net,714.570.7610x015,Grantstad,2023-12-08,Platinum,3686
691,Jennifer Strickland,hcrawford@example.com,001-564-286-5341x306,Darrellland,2024-11-27,Gold,1184
692,Vanessa Andrews,marywalker@example.org,001-852-759-6737,Lake Brettport,2025-01-22,Silver,4081
693,Rebecca Morales,johnsonmegan@example.net,924.427.5483x67317,Adamburgh,2025-10-19,Platinum,4693
694,Dr. Andrea Jackson,malonechelsea@example.org,931.722.9881x9872,Lake Nicole,2023-11-08,Silver,2026
695,Troy Norton,iramos@example.com,232-741-9670x0118,Kathyside,2024-12-08,Silver,3646
696,Brian Hernandez,randy27@example.net,420-937-8477x65079,Housemouth,2026-01-11,Platinum,1613
697,Hayley Cummings,wmiller@example.com,481-410-5920x255,Santostown,2023-12-06,Silver,2611
698,Donald Huffman,pagefrances@example.com,(805)229-7047x0748,Smithtown,2024-05-01,Silver,532
699,Dustin Cox,herickson@example.org,(714)798-7983,West Michaelview,2025-12-02,Gold,3557
700,Glen Daniels,spencerlewis@example.net,+1-512-530-6401,West David,2024-07-14,Silver,3630
701,Jessica Stevens,andrewchan@example.net,(397)977-6978,Lisashire,2026-05-26,Gold,4055
702,Trevor Garcia,romeromary@example.org,969-616-7414x910,West Vernon,2024-10-05,Gold,132
703,Raymond Atkinson,thomascisneros@example.com,(573)994-5015,Melissaport,2024-10-04,Gold,3256
704,Brandon Velasquez,maria81@example.com,(528)709-3173x93508,Port Michaeltown,2024-10-16,Gold,3692
705,Michael Farmer,nmccoy@example.net,459-773-8602,Port Maria,2024-11-13,Platinum,120
706,Sandy White,david77@example.net,363.252.1887,New Vickie,2024-02-18,Platinum,2797
707,Marie Brown,cynthia63@example.net,(681)946-0261x1146,Jenniferburgh,2023-07-01,Silver,734
708,Dr. Jason Lopez,acoleman@example.org,415.348.1041x8798,Wilkinsborough,2025-01-03,Gold,2864
709,James Ayers,davissarah@example.com,(863)602-8290x288,Weststad,2023-09-25,Silver,1194
710,Paul Welch,cassandrafitzgerald@example.org,001-835-532-3643,East Breannaland,2025-10-23,Platinum,4625
711,Desiree Sloan,ifletcher@example.net,655.388.7946x4616,Mirandaville,2025-03-29,Platinum,2648
712,Justin Martin,gthompson@example.org,274.634.3540x50095,South Marisachester,2024-11-24,Silver,3183
713,Rebekah Blake,crystal32@example.net,3537435120,Nelsonton,2024-10-23,Regular,738
714,Michael Floyd,donaldcruz@example.org,904.982.0323,Jenniferville,2025-08-23,Platinum,1550
715,Joy Willis,wendywatts@example.com,(717)278-4588x267,New Ericachester,2026-01-10,Gold,4230
716,Megan Sanchez,alvarezbrittany@example.org,+1-620-382-5968x7731,Taylorstad,2024-02-20,Regular,3004
717,Natalie Brown,ebrooks@example.com,627-241-1240,Shannonmouth,2024-03-23,Regular,2090
718,Alexandria Harrell,danielsjesse@example.org,851-307-7896x088,Meganview,2024-03-14,Platinum,1847
719,Kimberly Jackson,watsonrobert@example.com,7333520705,Stanleyborough,2025-10-10,Platinum,38
720,Kevin Lopez,haynestyler@example.com,+1-421-613-3480x8262,East Andrewborough,2025-12-23,Platinum,899
721,Jeffrey Horn,ashley22@example.com,408.819.2749,Bushville,2026-04-22,Gold,3119
722,Dorothy Mclaughlin,autumnyoung@example.org,899.218.5759x43510,Nelsonfort,2026-06-10,Regular,2297
723,Norma Mills,joel70@example.net,943-223-2588,East Timothyhaven,2024-09-07,Silver,3126
724,Yesenia Davis,kforbes@example.net,705-570-9129x831,Lake Deborah,2024-01-13,Regular,235
725,Jasmine Molina,nashwilliam@example.net,9988046300,New Richardburgh,2025-07-29,Silver,2750
726,Kimberly Waters,xherring@example.com,001-675-237-5302x429,North Kaylashire,2026-04-26,Regular,2494
727,Robert Casey,stonebradley@example.org,709-872-1858x8698,East Ryanfort,2025-09-11,Silver,1747
728,Dr. Richard Gonzalez,whitneyestrada@example.org,001-431-314-4921x9968,Lake Daniel,2024-07-12,Silver,2046
729,Adrian Sanders,kathy76@example.com,2294881447,Adamsborough,2026-05-08,Platinum,3495
730,John Booth,phouston@example.net,001-801-556-9617x8836,Yuchester,2024-10-09,Silver,3830
731,Timothy Anderson,gmercado@example.net,454.315.0926x44466,West Kimberlyshire,2023-09-21,Platinum,451
732,Taylor Hunter,yfrancis@example.org,+1-449-253-8053x5971,North Tyronefurt,2026-04-07,Silver,3933
733,Brianna Patrick,vwhite@example.org,(991)505-7506x399,South Christine,2024-10-23,Silver,2565
734,Patrick Thompson,yjohnson@example.net,894-705-3841,Levyview,2025-08-01,Gold,4141
735,Andrea Zuniga,austinschroeder@example.com,343.733.0587x7699,East Aaron,2025-08-19,Regular,3363
736,Amber Moore,ublack@example.net,+1-893-403-1813x0334,Lake Brett,2026-05-20,Regular,1459
737,Holly Giles,smithjohnny@example.com,421-769-7672x596,West Gloriastad,2025-03-13,Silver,3642
738,Rodney Barber,sevans@example.org,(411)301-7753x4256,Lake John,2024-12-15,Silver,2763
739,Diane Roberts,katie17@example.org,(716)292-8994x0262,East Lindashire,2026-03-12,Silver,2231
740,Alfred Higgins,delgadolindsay@example.org,001-719-459-4092,Keithburgh,2026-05-22,Silver,228
741,Dawn Burke,tbrown@example.net,+1-517-792-4075x5260,Rosemouth,2024-01-13,Silver,1287
742,Tracy Aguirre,gbrown@example.net,(915)593-9202x15106,East Reginamouth,2023-08-03,Silver,4487
743,David Rogers,kevin11@example.net,(453)463-0869x5624,Kyleland,2025-01-19,Platinum,2655
744,Carol Brown,susan68@example.net,+1-833-524-6548x4267,Debbiebury,2025-10-22,Platinum,3088
745,Olivia Nelson,dterry@example.net,4402102751,Jodystad,2025-06-27,Platinum,2531
746,Christopher George,perezbrittany@example.com,+1-515-872-7635,Whitebury,2024-07-12,Platinum,500
747,Robert Smith,theresa15@example.org,(438)275-4204,Josemouth,2025-09-10,Gold,1704
748,Yesenia Smith DVM,lrhodes@example.org,+1-824-268-4174x710,Austinmouth,2025-06-29,Gold,2458
749,Justin Walsh,deborah87@example.net,(954)520-0882,Glennbury,2023-09-24,Regular,372
750,James Johnson,nsalas@example.com,880-792-9807x40811,Huntertown,2026-04-22,Regular,2992
751,Joshua Riddle,serranoomar@example.com,001-826-583-0239x468,Nicholeshire,2024-06-30,Silver,1859
752,Maria Rivera,johnsonkristine@example.net,(857)863-2087x8911,North David,2026-02-22,Regular,75
753,Angel Torres,brandonfoster@example.net,+1-741-993-6182x9766,New Jeffrey,2024-05-28,Gold,1610
754,Jennifer Wood,phillipscrystal@example.org,368-346-5677x01760,Melindaview,2025-08-26,Regular,2562
755,Anthony Harris,danielmartin@example.net,001-962-298-5197x1029,Fergusonmouth,2024-10-24,Platinum,4547
756,Carolyn Hayes,lopezjerry@example.com,+1-939-512-5140x622,Bakerburgh,2026-05-15,Platinum,4947
757,Rodney Jefferson,floresashley@example.org,753-220-3152x4989,Thompsonchester,2024-11-05,Regular,2019
758,Valerie Miller MD,maldonadomarissa@example.com,787.449.8564x398,Lake Seanhaven,2025-05-07,Regular,4719
759,Randy Simmons DDS,louis21@example.com,+1-386-885-1171x49605,Poncefort,2026-05-05,Gold,4437
760,Joseph Kirk,uyoung@example.com,327.231.0908,West Kelly,2025-12-20,Gold,2879
761,Susan Rivera,yorkmark@example.org,750.735.5447x09046,West Meghantown,2026-03-17,Silver,3159
762,Dylan Graham,hsmith@example.org,619.377.6390x444,Rodriguezborough,2025-05-01,Gold,3792
763,Scott Soto,christiankane@example.net,(842)378-9784,Kimberlyton,2026-05-05,Platinum,2556
764,Jerry Reese,kimberlymay@example.com,318.891.3418x920,Ryanbury,2024-10-04,Silver,444
765,Erik Lyons,mmoore@example.org,913-243-1032,Garciamouth,2026-05-06,Platinum,3726
766,Kenneth Mason,cbates@example.net,001-845-956-9640,South Bryan,2026-05-28,Platinum,4701
767,Mark Mack,hcox@example.net,739-753-7246x5330,East Carla,2025-09-13,Platinum,4290
768,Jason Harris,castillogary@example.net,(408)578-8285,Lauraside,2025-11-28,Silver,4993
769,Hailey Reynolds,phillipssonia@example.org,001-575-367-5549x890,Karenfurt,2024-06-19,Platinum,1678
770,Nancy Davenport,davidlopez@example.org,+1-773-263-0562x5968,New Jose,2023-08-16,Gold,209
771,Molly Vasquez,whitemark@example.net,001-691-209-1149x453,West Kimberlyville,2023-12-05,Gold,1426
772,Joel Weaver,yhenson@example.net,511.267.9418x056,Jodichester,2025-03-29,Silver,4795
773,Jacqueline Peterson,morrisonelizabeth@example.com,(654)349-6201,Taylorfurt,2024-06-13,Platinum,3441
774,Brittney Perez,ejones@example.org,8129928108,Port Nathaniel,2024-09-23,Silver,3637
775,Steven Palmer,rwilson@example.com,+1-754-307-1478x2152,Lake Garymouth,2025-05-06,Regular,1253
776,Mark Frank,sanchezlinda@example.com,788-287-8053x08680,Crystalshire,2025-06-13,Regular,4314
777,Daniel Velasquez,jeremiah74@example.org,680.368.0862x89045,East Mia,2025-09-14,Gold,424
778,Jonathan Smith,carolruiz@example.com,(680)883-5721,Lake Jamie,2025-08-11,Gold,571
779,Kevin Brock,lisa10@example.org,+1-384-547-4321x96548,Andersonshire,2025-06-26,Silver,2254
780,Patricia Schroeder,robertchen@example.org,+1-344-926-1297x806,Spearsburgh,2024-12-31,Silver,2232
781,Briana Cox,ugregory@example.org,610-367-6561x27603,New William,2024-01-08,Gold,4109
782,Maria Mcguire,kristine28@example.net,001-844-267-0827x8871,Port Lorimouth,2024-03-05,Regular,1593
783,Audrey Carr,smithamanda@example.com,001-697-804-5160x8268,New Thomasfort,2023-12-06,Gold,4671
784,Kathryn Cardenas,martinwilkinson@example.org,(323)891-5981,South Melissaland,2026-02-02,Regular,23
785,Ernest May,ricky32@example.org,(598)321-9314x250,Lake James,2024-10-15,Platinum,3193
786,Kayla Valentine,christine59@example.org,659-703-9536,East Keithland,2024-08-26,Silver,1140
787,Timothy Fields,david71@example.net,(547)518-4721x2072,Pachecoton,2025-10-11,Platinum,2052
788,Russell Romero,ryanalison@example.net,976-829-7050x2349,Williammouth,2026-06-15,Platinum,3660
789,Carrie Gutierrez,nnorris@example.com,001-666-843-2023,Bradleyfort,2024-03-23,Gold,3702
790,Karen Sherman,holdenjames@example.org,(548)440-9923,Danielport,2024-12-03,Silver,2948
791,Bruce Solomon,eugene37@example.org,(660)916-3120,North Christopherside,2024-02-05,Silver,3822
792,Andrea Riley,susan50@example.com,+1-913-445-4536x00817,New Ashleeshire,2025-02-06,Platinum,2381
793,Vanessa West,smithmichelle@example.org,836.450.9882x22846,Allenside,2025-07-31,Silver,4147
794,Jason Weiss,julievargas@example.com,(530)624-7515,Crystalhaven,2026-06-28,Silver,1041
795,Russell Fox,gonzalesreginald@example.com,001-813-349-9986x50818,East Brittany,2026-04-08,Regular,265
796,Mary Collins,pmorris@example.net,5823059582,Lake Lindsay,2025-07-27,Gold,2748
797,Rachael Richardson,garciaashley@example.com,8436064975,Zacharyshire,2024-03-31,Silver,374
798,Dana Perkins,timothy48@example.org,(324)524-4046x90040,Lake Krystal,2024-06-02,Regular,3619
799,Alexander Hanna,gterry@example.org,001-913-295-1724,North Terri,2024-07-01,Silver,1342
800,Margaret Lane,jrobinson@example.com,471-552-1091x748,Lake Dianaberg,2025-10-20,Silver,4612
801,Madeline Wallace,uwilson@example.com,357-560-2118x01196,Jonestown,2026-05-28,Silver,391
802,Danny Moore,robertalewis@example.net,001-707-843-0127x03333,Carpenterberg,2023-11-18,Platinum,647
803,Sydney Johnson,traceyjohnson@example.net,(713)766-2501x68103,East Johnton,2025-09-09,Gold,3044
804,Whitney Willis,amyers@example.org,684.581.7051x80849,Port Taraborough,2024-03-03,Silver,2951
805,John Gordon,erichoward@example.com,(885)444-6119x8066,Alvaradoton,2023-07-20,Platinum,3870
806,Chad Miller,tharris@example.net,571-949-5880,North Jenniferton,2024-12-31,Regular,4370
807,Bonnie Olsen,rray@example.net,(885)959-0796x637,Russellton,2026-02-25,Platinum,2663
808,Jessica Ortiz,katherine84@example.com,5148125577,South Crystalmouth,2023-12-28,Gold,3115
809,Angela Sims,blambert@example.net,619.924.7497x1845,Port Austin,2025-09-26,Regular,4051
810,Brian Hall,jenniferjones@example.org,(267)431-1816,Frankview,2023-09-04,Platinum,3539
811,Ernest Keith,alvaradobianca@example.org,990-865-6355,Samanthaview,2025-01-28,Regular,1292
812,Walter Juarez,daniel46@example.com,001-484-301-3993x425,Jessicaberg,2026-01-30,Gold,1568
813,Margaret Jackson,novaklisa@example.net,+1-309-519-0179,Carlosfort,2025-08-09,Gold,4737
814,Steven Booker,tbaker@example.com,341.636.2541,Port Ericamouth,2025-04-12,Platinum,4976
815,Tasha Baker,sandra76@example.org,5918583419,South Brandyland,2024-05-20,Gold,3197
816,Patricia Moreno,smithkeith@example.com,574-491-6292,North Jose,2024-11-19,Regular,2695
817,Jackie Garcia,elizabeth67@example.org,741.702.7171,Russellville,2025-05-12,Regular,4011
818,Marcus Galloway,ashley27@example.net,782.295.1709,West Isaiah,2023-08-09,Platinum,179
819,Heather Harris,cummingswilliam@example.org,925.576.4028x951,Port Heather,2025-07-30,Regular,3996
820,Mario Mosley,blackkaren@example.com,001-270-227-4084x4655,Kaylachester,2024-04-07,Regular,1637
821,Charles Decker,graysara@example.org,+1-289-424-9395x4166,North Shellytown,2025-10-16,Gold,825
822,Scott Miller,jscott@example.org,272.504.7923,East Annafort,2024-02-22,Silver,2681
823,Mr. Marcus Lamb,claytonjerry@example.net,250-408-1050x31310,Gailburgh,2024-11-08,Gold,1233
824,Jennifer Hernandez,wgarrett@example.net,9155798658,Lambertmouth,2024-10-19,Regular,238
825,Danielle Yates,odean@example.org,904-658-9562,Port Tasha,2026-01-23,Regular,3910
826,Timothy Hopkins,melissa53@example.net,(613)515-1514x06781,Matthewfurt,2024-02-05,Platinum,750
827,Meredith Suarez,markgriffin@example.org,001-917-825-2564x087,Diazfurt,2026-01-07,Gold,2590
828,Jennifer Dunlap,danielkey@example.com,(692)797-1634x40271,Burnsside,2023-08-25,Platinum,4881
829,Kyle Guerra,castilloregina@example.net,+1-913-641-2085x0927,Richardsfurt,2024-12-02,Gold,3160
830,Steven Mitchell,hhawkins@example.com,774.794.2599x82042,South Debra,2025-09-03,Regular,285
831,Heather Riddle,ymitchell@example.net,+1-875-618-5311x8799,Campbellside,2025-05-23,Platinum,3781
832,John Graham,michaelstevens@example.com,(567)324-9063,Lindsaytown,2024-09-03,Platinum,3269
833,Michelle Robinson,amandasalazar@example.net,(687)734-7913,East Michelle,2025-05-31,Gold,2726
834,Christy Turner,virginia89@example.org,001-952-575-1423x49065,North Eileenstad,2025-10-05,Regular,2149
835,Sheila Williams,susantaylor@example.net,+1-328-710-6658x732,Brookeberg,2024-02-16,Silver,4599
836,Erika Nielsen,fritzdaniel@example.net,(885)903-2140,South Micheleview,2023-11-05,Silver,4675
837,Audrey Clark,vcohen@example.net,236.568.7015,Gaymouth,2023-11-07,Gold,2918
838,Crystal Mcintyre,diana99@example.net,939.799.0186x9331,South Alexis,2024-11-10,Silver,4467
839,Michael Martin,jturner@example.net,640-539-0957x737,Crystalton,2023-09-20,Gold,3679
840,Justin Spencer,johnny88@example.org,424.364.6264,New Jon,2025-03-06,Gold,741
841,Ryan Lee,cameron63@example.net,001-602-490-6231x103,Mclaughlinton,2024-05-09,Regular,2514
842,Donald Jones,phowell@example.com,(431)986-4771x46785,Kennedyville,2025-10-30,Platinum,1676
843,William Deleon,brianturner@example.org,(433)829-3147x36485,Mitchellchester,2025-05-13,Silver,4739
844,Jennifer May,staffordjeffery@example.org,(931)927-9267x42286,New Robertburgh,2024-11-02,Regular,1087
845,Karen Jones,brandi23@example.com,(961)375-5276,East Mark,2026-03-25,Platinum,21
846,Lawrence Lopez,sophia66@example.com,294-543-9742,Lake Jennifer,2023-07-26,Regular,4043
847,Ariel Ward,liucory@example.com,+1-495-324-9898x54182,Phillipschester,2023-10-12,Silver,430
848,Shane Adams,ethomas@example.com,478-941-5629x3061,Christietown,2024-06-24,Silver,4115
849,Rhonda Cole,reneesuarez@example.net,931.801.6360x21973,West Amber,2024-08-24,Gold,119
850,Cindy Newman,mullendavid@example.com,+1-791-751-2467x639,North Toddton,2024-06-08,Platinum,4915
851,Charles Jones,laneamber@example.org,+1-585-211-7872x86258,North Joannestad,2023-07-23,Regular,1010
852,Daniel Bass,christina70@example.com,+1-265-643-8564,Andrefurt,2023-09-18,Platinum,3927
853,Tyler Green,frank89@example.net,+1-966-459-8499x88196,New Timothybury,2025-07-03,Platinum,918
854,Jason Young,jennifer43@example.net,001-481-686-7365x79546,Lynchland,2023-07-28,Gold,1301
855,Edward Hess,ritabridges@example.org,001-848-582-6170x9347,East Brett,2023-12-13,Regular,3667
856,Joseph Buck,scooper@example.org,+1-582-327-5946,Lake Justin,2025-01-08,Platinum,3640
857,Michael Jackson,yparrish@example.org,(614)793-9084,Hallbury,2024-08-09,Gold,3755
858,Alexander Grant,barbara36@example.org,(301)877-9036,East Tina,2025-02-12,Regular,2245
859,John Smith,linda03@example.com,(503)278-4504x253,Lake Christopher,2025-09-30,Platinum,2048
860,Vincent Miranda,hlamb@example.org,768-980-1224,South Wesleyburgh,2025-01-10,Gold,1921
861,Jennifer Garza,amurray@example.org,(362)993-9491,West Kimberlychester,2025-03-13,Gold,3358
862,Candice Boyd,jonathanoneal@example.net,946.933.4990,Hortonshire,2024-05-29,Platinum,3039
863,Michele Lee,kaylarivera@example.org,(524)391-9719x529,Samanthatown,2024-09-12,Gold,1216
864,Mr. Frank Lee MD,keith67@example.com,294-377-9148x52725,Zacharyport,2024-09-27,Platinum,1797
865,Charles Bartlett,lovejeffrey@example.com,697.879.6169,Lake Jodiport,2025-12-30,Platinum,4397
866,Nicole Tran,susanbrandt@example.com,+1-896-835-7894,West Rachaelstad,2024-07-31,Silver,977
867,Heather Mccullough,wrightaimee@example.net,(852)979-4399,Port Danielchester,2025-06-23,Silver,2081
868,Daniel Valentine,thomas03@example.net,+1-314-948-4174x87626,East Molly,2024-09-07,Gold,2147
869,Lindsey Hardy,hallelaine@example.org,001-431-583-3302x222,Lisahaven,2024-03-21,Platinum,3722
870,Elijah Powell,nicole03@example.com,477.885.2099,Lopezfort,2024-11-03,Platinum,2697
871,Andrew Burns,delliott@example.org,612.713.4366x427,Williambury,2025-05-10,Gold,4475
872,Jenny Hall,urocha@example.net,(324)693-0290,East Christopherburgh,2025-03-22,Gold,1460
873,Tabitha Garner,james46@example.com,+1-416-819-1276x594,Wattstown,2024-02-01,Silver,4637
874,Isabella Rice,wujesse@example.com,(743)699-8599,Samuelfurt,2026-04-29,Regular,823
875,Richard Allen,brittanylewis@example.net,232-969-5069x4308,Kayleebury,2024-09-10,Regular,2034
876,Ricky Fischer,marymartinez@example.com,308.905.0684,Mariachester,2024-11-15,Regular,387
877,Jill Davis,marie24@example.com,936.793.2811,Williamshire,2025-01-21,Gold,1224
878,Kayla Ingram,jeremy93@example.org,+1-383-425-0590x399,West Davidshire,2024-04-21,Platinum,3035
879,Vanessa Graham,kathy58@example.org,+1-469-887-5751x782,Port Craig,2026-06-06,Regular,844
880,Jennifer Wilson,thomas21@example.net,2739584370,Alvintown,2026-01-10,Silver,4387
881,Miguel Steele,mark01@example.org,001-792-500-9295x9155,North Victor,2025-10-24,Regular,580
882,Donna Martin,luke02@example.com,408-956-4614,Amyburgh,2023-08-14,Regular,352
883,Stefanie Kelly,knguyen@example.org,001-338-831-0916x2004,Gentryland,2025-05-17,Silver,2236
884,Jeffrey Camacho,wendychambers@example.net,001-614-341-3577,New Christopherton,2023-07-20,Platinum,2794
885,Robert Reid,stephanieglass@example.com,+1-958-689-8576x84257,South Dannyburgh,2023-10-19,Platinum,2925
886,Donna Brown,vjacobson@example.net,9448910770,Theresaborough,2024-03-22,Gold,4866
887,Ethan Moreno,oclements@example.net,268-332-9059,West Joelburgh,2023-08-24,Regular,600
888,Logan Duke,randywright@example.net,(478)553-1887x2464,Smithtown,2023-10-05,Gold,1476
889,Francisco Newman,sethbaldwin@example.org,+1-513-927-8009x9913,Taylorfort,2024-07-07,Gold,649
890,Elizabeth Smith,diana53@example.com,(780)513-8516x51567,Melissafort,2023-07-09,Gold,2914
891,Angel Brown,cristina92@example.org,(280)386-6588,South Kathleenborough,2023-07-08,Regular,2571
892,Kathleen Wolfe,breanna82@example.org,587-625-2085,South Joshuafort,2026-04-25,Gold,4417
893,Steven Duran,baguirre@example.com,744-862-5772,North Christinamouth,2023-08-23,Platinum,4273
894,Patricia Dennis,michael35@example.org,(279)754-0127,Hamiltonland,2025-05-28,Gold,1315
895,Michael Nichols,howardalexis@example.org,789.697.9630x76524,New Rhonda,2024-03-18,Platinum,164
896,Elizabeth Golden,jcamacho@example.com,+1-627-535-9423x2723,Thomastown,2024-07-30,Regular,3240
897,Joseph Howell,codyclark@example.org,856.286.5584x0899,Gabrielamouth,2024-04-04,Regular,1346
898,Jeffrey Dunn,amandawilliams@example.com,748.354.5871x820,Tinamouth,2024-09-03,Silver,4404
899,Julia Cherry,armstrongtimothy@example.org,(703)481-9550x7835,Port Karen,2025-12-12,Silver,3626
900,Jennifer Jennings,johnmedina@example.org,815.321.9155,Taylorburgh,2025-03-23,Regular,3151
901,Susan Johnson,julieyoung@example.com,001-821-558-5951x174,East Tracyland,2024-05-02,Regular,1771
902,Daniel Hopkins,josewatkins@example.org,(870)981-4965,East Jacqueline,2024-07-14,Silver,913
903,Michele White,nathansmith@example.org,(268)424-6393,Duaneberg,2024-12-13,Silver,1032
904,Brian Buckley,josephbarrett@example.net,(639)946-2971x386,Williamside,2026-04-13,Gold,4020
905,Joel Parks,simmonsoscar@example.com,+1-407-788-0570x45601,Andersonmouth,2024-06-04,Gold,2445
906,Brian Barker,kyle44@example.net,934-911-7144x2452,Bruceburgh,2024-04-16,Regular,2979
907,Juan Zimmerman,lauren43@example.org,001-947-407-8093x75728,New Melaniefort,2024-09-25,Gold,3053
908,Dr. Ashley Nichols,amandacampbell@example.com,7869177854,Port Jason,2025-04-02,Platinum,4329
909,Brandy Hanson,michaelwhitaker@example.com,717.548.0470,Jonesview,2023-08-26,Regular,75
910,Caroline Martinez,hoodgregory@example.net,319.685.1198x561,East Michelle,2025-06-22,Gold,3089
911,Danielle Wright,williamsnicholas@example.org,(790)207-5226x402,New Rachel,2024-06-02,Silver,1087
912,John Steele,fcarter@example.com,(314)425-3863x2590,North Tamara,2023-12-27,Gold,4410
913,Michael Nelson,garciajanet@example.net,909-760-8701,Lake Mariah,2026-05-03,Regular,4378
914,Craig Mendoza,ortizmadison@example.net,(722)259-6048x09262,North Thomasside,2024-04-19,Regular,751
915,Patricia Olson,danielwalters@example.org,391.471.5615x338,North Megan,2023-08-05,Platinum,2467
916,Kevin Barnes,egonzales@example.org,8658215765,North Josetown,2025-04-24,Silver,2988
917,Paul Wade,eperez@example.com,234.683.3614x26343,East Randall,2024-04-15,Regular,2863
918,Austin Doyle,joseph63@example.com,775-522-3368x498,West Maria,2025-07-10,Regular,2528
919,Stephen Knight,newmanscott@example.net,614.911.3342,East Shannon,2026-02-14,Gold,3592
920,Leah Garza,justin77@example.com,519.678.0718x90093,East Williamfort,2023-11-27,Platinum,3298
921,Nicole Stone,barrettrodney@example.com,(328)732-0517x269,Brewerview,2023-09-22,Regular,791
922,Wendy Haas,hamiltonlaurie@example.com,(216)301-0685x531,South Seanbury,2025-04-25,Gold,294
923,Erica Jordan,rcaldwell@example.com,+1-699-234-0326x84633,East David,2023-11-27,Gold,1401
924,Elizabeth Collins,bjackson@example.org,(691)621-2897,Lake Scott,2024-09-25,Regular,1198
925,Jeffrey Mccarty,bbush@example.net,+1-749-978-2165x48650,Lake Kyle,2025-09-15,Platinum,4104
926,Michael Cook,stokeskelly@example.net,+1-260-473-0797x84896,Aliciaview,2024-04-17,Platinum,597
927,Phillip Evans,jbrewer@example.net,+1-389-339-4518,Kylemouth,2024-11-02,Gold,316
928,Don Edwards,lroberts@example.com,306.442.7459x6783,Port Bryanshire,2023-08-26,Regular,165
929,Heather White,nathanthompson@example.org,433-713-0476,Carterborough,2024-12-08,Gold,4978
930,Eric Cobb,vwelch@example.org,001-583-526-3921x69304,Wilsonton,2024-08-26,Regular,3576
931,Jennifer Patel,wolfbrandon@example.com,(944)987-8118,South Michael,2026-04-14,Regular,3885
932,Elizabeth Perkins,earlfisher@example.com,843-744-1702,North Michael,2025-04-08,Silver,3044
933,Cheryl Williams,etaylor@example.org,001-873-897-1572,Romanview,2023-07-08,Gold,3829
934,Justin Ray,nmaddox@example.org,001-996-757-6707x65094,West Barbaraburgh,2025-06-17,Silver,2567
935,Michael Hunt,robertsrobert@example.net,941.299.9747x1816,South Kaylachester,2024-10-12,Gold,3766
936,Johnny Nichols,thomasweaver@example.org,375.811.4984,New Anthonymouth,2025-07-31,Platinum,905
937,Sierra Sims,osingh@example.org,339.349.0254,West Michaelhaven,2025-05-19,Platinum,617
938,Tracey Le,ofoster@example.net,6995974712,Jeanmouth,2025-03-28,Silver,3075
939,Rebecca Chambers,marthapruitt@example.com,295.588.8122,South Lawrence,2025-08-07,Silver,3804
940,Alexandra Coleman,christopher77@example.org,001-836-860-4842,Andresfurt,2026-02-01,Silver,1704
941,Lori Thomas,thomas99@example.org,247.390.4658,East Julieburgh,2026-04-28,Regular,3509
942,Nicholas Morales,stephanierobbins@example.org,578.754.5268,East Jameshaven,2024-04-29,Gold,4445
943,Dr. Brady Lamb,joshuamartin@example.net,001-850-783-4765,Stacychester,2026-04-06,Platinum,557
944,Susan Wright,robertsdavid@example.org,(964)931-6194x3226,Port Kristen,2024-10-21,Silver,1145
945,Ashley Olson,svillarreal@example.com,966.838.2191x859,New Destinyport,2024-01-23,Regular,4551
946,George Reeves,robert75@example.com,699.896.9812x70938,Erinshire,2025-05-06,Silver,3800
947,Victoria Smith,robinsonmary@example.org,+1-977-524-7798,North Nicole,2024-03-18,Regular,1235
948,Stacy Smith,marywhitney@example.com,+1-560-697-9043x8238,Christyburgh,2025-05-09,Platinum,607
949,Eduardo Johnson,matthew34@example.net,7568804783,Maddentown,2025-07-27,Regular,2742
950,Anthony Contreras,grantbryant@example.com,834.751.2643x342,Russellberg,2024-08-28,Platinum,1354
951,Sarah Wise,davidsolis@example.net,737.595.9600,Hortonchester,2023-09-09,Silver,814
952,Michele Hebert,loweanne@example.org,946.910.0761x8642,West Jerrymouth,2026-03-20,Platinum,2304
953,Emily Watson,myerskatie@example.com,+1-828-826-5840x52681,Lake Danielton,2024-11-30,Silver,3219
954,Jeffrey King,robertwalker@example.com,948.341.2343,South Gabrielmouth,2024-05-16,Gold,3989
955,Mr. Cameron Ramirez,charleslopez@example.com,+1-758-580-8420,Millerchester,2025-09-06,Gold,4878
956,Alexis Fisher,glee@example.org,825.650.4412x4927,Aprilborough,2024-08-01,Gold,1307
957,Jessica Lewis,cobbamy@example.org,399-227-3988x279,East Seth,2025-05-05,Regular,2741
958,Michael Meyer,angelica90@example.net,(325)825-2363x867,West Casey,2026-03-12,Gold,627
959,Sarah Quinn,theodore55@example.org,259.933.0676,Sherichester,2025-07-15,Silver,834
960,Deborah Russell,lauradunn@example.com,+1-507-994-3865x3083,Elizabethville,2024-09-09,Silver,506
961,Bonnie Mendoza,brandi42@example.net,(375)973-5543,North David,2025-05-11,Platinum,4939
962,Monique Tran,johngolden@example.org,+1-217-258-5763x239,East Michael,2024-08-22,Gold,1059
963,Patricia Curtis,timothymcclain@example.org,+1-703-625-8228,Jessemouth,2025-05-07,Platinum,196
964,Ryan Kennedy,hernandezdestiny@example.com,(338)560-3474x1665,South Teresa,2025-10-07,Regular,4068
965,Kathleen Reyes,ebony38@example.org,+1-780-784-9641x63980,West Elizabethbury,2024-05-17,Gold,2224
966,William Taylor,dominguezbrenda@example.net,5187056463,Brooksmouth,2026-06-26,Silver,4123
967,Brendan Wallace,robert74@example.net,456.770.8013x5716,North Oscar,2026-04-22,Silver,1339
968,Antonio Miller,ryanharper@example.net,(353)469-4990,Lake Christian,2025-08-13,Gold,1824
969,Bryce Collins,cdavis@example.net,+1-527-648-7302,Rogersbury,2024-04-12,Regular,1544
970,Deanna Krause,hendersonbenjamin@example.com,805-954-6993,East Erin,2025-11-01,Regular,575
971,Elizabeth Sims,keithwheeler@example.net,(557)938-4093x0342,Mackborough,2025-11-22,Silver,2178
972,Edward Glover,pachecojohn@example.net,(349)772-2037,Morrisville,2025-01-30,Platinum,4332
973,Glenn Hodge,meagantyler@example.org,577-445-1900x3050,North Melissahaven,2024-05-19,Gold,230
974,Maria Brooks,andersonjose@example.net,(548)660-7763x099,Lake Larry,2025-10-17,Silver,664
975,Joseph Flores,isabelhuang@example.net,3459778774,Westchester,2025-04-12,Platinum,778
976,Thomas Johnson,jessicaparker@example.org,001-226-973-4631,Vangstad,2025-10-18,Platinum,3219
977,Joseph Perez,browe@example.org,001-565-237-8662x04392,Port Ian,2025-01-08,Gold,3726
978,Elaine Jones,joeroberts@example.net,7328946756,Garrisonbury,2026-03-29,Platinum,614
979,Daniel Ward,carrieadams@example.net,(567)354-8909,Port Eileenland,2026-03-24,Regular,2498
980,Matthew Collins,tammy00@example.org,984-280-1089x11458,Port Joel,2024-08-18,Regular,356
981,Jamie Ross,egilbert@example.net,001-580-202-2552,Lanefurt,2025-02-02,Platinum,1769
982,Theresa Adams,gabrieledwards@example.com,932-918-4617,West Lindsayhaven,2026-02-07,Regular,4596
983,Brian Morrow,oconnorkeith@example.net,001-812-606-9263x6892,Garyfort,2025-08-31,Platinum,2057
984,Melissa Stewart,craigpage@example.net,293-635-3607x5287,North Kelsey,2025-12-06,Regular,1000
985,Sally Crawford MD,twhite@example.org,+1-252-892-5755,East Hannah,2025-11-11,Gold,4767
986,Keith Wright,dustincox@example.net,(400)258-7180,North Amberside,2026-02-11,Platinum,1118
987,Brian Wong,audrey45@example.org,281-460-0072x9000,Fergusonmouth,2025-08-11,Regular,3225
988,Marcus Aguilar,allenjoseph@example.org,(224)863-0060x0019,Wallacestad,2024-07-22,Regular,2871
989,Isaiah Hill,cassandraespinoza@example.com,812.952.8720,Dominguezside,2026-05-20,Gold,774
990,Mario Perkins,valdezmelissa@example.com,342-568-9210x0301,South Amber,2025-11-14,Platinum,3549
991,Christina Norman,daniel11@example.net,001-810-732-2685x36199,Floresmouth,2025-04-23,Regular,2367
992,Cody Wheeler,braymond@example.net,324.603.8596x47413,Barbarashire,2024-06-04,Regular,3752
993,Amy Myers,patrickjames@example.net,508.680.1262,Williamschester,2024-04-27,Platinum,3068
994,Misty Foster,woodmeghan@example.net,+1-307-427-4466x04253,Herrerahaven,2025-02-22,Platinum,3439
995,Dawn Roberts,brandon28@example.net,761-792-2308x2747,Ryanview,2025-10-10,Platinum,4309
996,Christopher Hutchinson,briannawood@example.org,001-767-718-9467,South Cindyburgh,2023-07-01,Gold,2637
997,Elaine Frey,kosborne@example.org,001-849-830-4170x831,South Cherylville,2025-03-14,Silver,1967
998,Veronica Wells,amyarias@example.net,644-838-5905x2449,Lake Michael,2024-09-09,Silver,42
999,Jacqueline Molina,kennedyerik@example.org,+1-597-958-6140,Caseyview,2026-05-09,Silver,1186
1000,James Mejia,chloe26@example.net,(977)324-6455x193,Michellehaven,2023-10-26,Gold,3436
